This is pdfTeX, Version 3.141592653-2.6-1.40.28 (TeX Live 2025) (preloaded format=pdflatex 2025.10.2)  26 JAN 2026 14:44
entering extended mode
 restricted \write18 enabled.
 file:line:error style messages enabled.
 %&-line parsing enabled.
**"D:/OneDrive/School/Universiteit/Informatie Uitwisseling/Visualisatieopdracht
/Latex Verslag/src/main.tex"

(d:/OneDrive/School/Universiteit/Informatie Uitwisseling/Visualisatieopdracht/L
atex Verslag/src/main.tex
LaTeX2e <2025-06-01> patch level 1
L3 programming layer <2025-09-02>
(c:/MinGW/texlive/2025/texmf-dist/tex/latex/acmart/acmart.cls
Document Class: acmart 2025/08/27 v2.16 Typesetting articles for the Associatio
n for Computing Machinery
(c:/MinGW/texlive/2025/texmf-dist/tex/latex/xkeyval/xkeyval.sty
Package: xkeyval 2022/06/16 v2.9 package option processing (HA)
(c:/MinGW/texlive/2025/texmf-dist/tex/generic/xkeyval/xkeyval.tex (c:/MinGW/tex
live/2025/texmf-dist/tex/generic/xkeyval/xkvutils.tex
\XKV@toks=\toks17
\XKV@tempa@toks=\toks18
(c:/MinGW/texlive/2025/texmf-dist/tex/generic/xkeyval/keyval.tex))
\XKV@depth=\count275
File: xkeyval.tex 2014/12/03 v2.7a key=value parser (HA)
)) (c:/MinGW/texlive/2025/texmf-dist/tex/generic/xstring/xstring.sty (c:/MinGW/
texlive/2025/texmf-dist/tex/generic/xstring/xstring.tex
\xs_counta=\count276
\xs_countb=\count277
)
Package: xstring 2023/08/22 v1.86 String manipulations (CT)
) (c:/MinGW/texlive/2025/texmf-dist/tex/generic/iftex/iftex.sty
Package: iftex 2024/12/12 v1.0g TeX engine tests
)
Package acmart Info: Not using screen mode on input line 77.
Package acmart Info: Using breaking urls on hyphens on input line 85.
Package acmart Info: Requiring acmthm on input line 93.
Package acmart Info: Not using review mode on input line 102.
Package acmart Info: Not using authorversion mode on input line 110.
Package acmart Info: Not using nonacm mode on input line 122.
Package acmart Info: Explicitly selecting natbib mode on input line 138.
Package acmart Info: Not using anonymous mode on input line 146.
Package acmart Info: Not using timestamp mode on input line 154.
Package acmart Info: Not using authordraft mode on input line 164.
Package acmart Info: Using nonacm mode on input line 179.
Class acmart Info: Using format sigconf, number 4 on input line 179.
Class acmart Info: Using fontsize 9pt on input line 281.
(c:/MinGW/texlive/2025/texmf-dist/tex/latex/amscls/amsart.cls
Document Class: amsart 2020/05/29 v2.20.6
\linespacing=\dimen148
\normalparindent=\dimen149
\normaltopskip=\skip49
(c:/MinGW/texlive/2025/texmf-dist/tex/latex/amsmath/amsmath.sty
Package: amsmath 2025/06/16 v2.17y AMS math features
\@mathmargin=\skip50
For additional information on amsmath, use the `?' option.
(c:/MinGW/texlive/2025/texmf-dist/tex/latex/amsmath/amstext.sty
Package: amstext 2024/11/17 v2.01 AMS text
(c:/MinGW/texlive/2025/texmf-dist/tex/latex/amsmath/amsgen.sty
File: amsgen.sty 1999/11/30 v2.0 generic functions
\@emptytoks=\toks19
\ex@=\dimen150
)) (c:/MinGW/texlive/2025/texmf-dist/tex/latex/amsmath/amsbsy.sty
Package: amsbsy 1999/11/29 v1.2d Bold Symbols
\pmbraise@=\dimen151
) (c:/MinGW/texlive/2025/texmf-dist/tex/latex/amsmath/amsopn.sty
Package: amsopn 2022/04/08 v2.04 operator names
)
\inf@bad=\count278
LaTeX Info: Redefining \frac on input line 233.
\uproot@=\count279
\leftroot@=\count280
LaTeX Info: Redefining \overline on input line 398.
LaTeX Info: Redefining \colon on input line 409.
\classnum@=\count281
\DOTSCASE@=\count282
LaTeX Info: Redefining \ldots on input line 495.
LaTeX Info: Redefining \dots on input line 498.
LaTeX Info: Redefining \cdots on input line 619.
\Mathstrutbox@=\box53
\strutbox@=\box54
LaTeX Info: Redefining \big on input line 721.
LaTeX Info: Redefining \Big on input line 722.
LaTeX Info: Redefining \bigg on input line 723.
LaTeX Info: Redefining \Bigg on input line 724.
\big@size=\dimen152
LaTeX Font Info:    Redeclaring font encoding OML on input line 742.
LaTeX Font Info:    Redeclaring font encoding OMS on input line 743.
\macc@depth=\count283
LaTeX Info: Redefining \bmod on input line 904.
LaTeX Info: Redefining \pmod on input line 909.
LaTeX Info: Redefining \smash on input line 939.
LaTeX Info: Redefining \relbar on input line 969.
LaTeX Info: Redefining \Relbar on input line 970.
\c@MaxMatrixCols=\count284
\dotsspace@=\muskip17
\c@parentequation=\count285
\dspbrk@lvl=\count286
\tag@help=\toks20
\row@=\count287
\column@=\count288
\maxfields@=\count289
\andhelp@=\toks21
\eqnshift@=\dimen153
\alignsep@=\dimen154
\tagshift@=\dimen155
\tagwidth@=\dimen156
\totwidth@=\dimen157
\lineht@=\dimen158
\@envbody=\toks22
\multlinegap=\skip51
\multlinetaggap=\skip52
\mathdisplay@stack=\toks23
LaTeX Info: Redefining \[ on input line 2949.
LaTeX Info: Redefining \] on input line 2950.
)
LaTeX Font Info:    Trying to load font information for U+msa on input line 397
.
(c:/MinGW/texlive/2025/texmf-dist/tex/latex/amsfonts/umsa.fd
File: umsa.fd 2013/01/14 v3.01 AMS symbols A
) (c:/MinGW/texlive/2025/texmf-dist/tex/latex/amsfonts/amsfonts.sty
Package: amsfonts 2013/01/14 v3.01 Basic AMSFonts support
\symAMSa=\mathgroup4
\symAMSb=\mathgroup5
LaTeX Font Info:    Redeclaring math symbol \hbar on input line 98.
LaTeX Font Info:    Overwriting math alphabet `\mathfrak' in version `bold'
(Font)                  U/euf/m/n --> U/euf/b/n on input line 106.
)
\copyins=\insert252
\abstractbox=\box55
\listisep=\skip53
\c@part=\count290
\c@section=\count291
\c@subsection=\count292
\c@subsubsection=\count293
\c@paragraph=\count294
\c@subparagraph=\count295
\c@figure=\count296
\c@table=\count297
\abovecaptionskip=\skip54
\belowcaptionskip=\skip55
\captionindent=\dimen159
\thm@style=\toks24
\thm@bodyfont=\toks25
\thm@headfont=\toks26
\thm@notefont=\toks27
\thm@headpunct=\toks28
\thm@preskip=\skip56
\thm@postskip=\skip57
\thm@headsep=\skip58
\dth@everypar=\toks29
) (c:/MinGW/texlive/2025/texmf-dist/tex/latex/microtype/microtype.sty
Package: microtype 2025/07/09 v3.2b Micro-typographical refinements (RS)
(c:/MinGW/texlive/2025/texmf-dist/tex/latex/etoolbox/etoolbox.sty
Package: etoolbox 2025/02/11 v2.5l e-TeX tools for LaTeX (JAW)
\etb@tempcnta=\count298
)
\MT@toks=\toks30
\MT@tempbox=\box56
\MT@count=\count299
LaTeX Info: Redefining \noprotrusionifhmode on input line 1087.
LaTeX Info: Redefining \leftprotrusion on input line 1088.
\MT@prot@toks=\toks31
LaTeX Info: Redefining \rightprotrusion on input line 1107.
LaTeX Info: Redefining \textls on input line 1449.
\MT@outer@kern=\dimen160
LaTeX Info: Redefining \microtypecontext on input line 2053.
LaTeX Info: Redefining \textmicrotypecontext on input line 2070.
\MT@listname@count=\count300
(c:/MinGW/texlive/2025/texmf-dist/tex/latex/microtype/microtype-pdftex.def
File: microtype-pdftex.def 2025/07/09 v3.2b Definitions specific to pdftex (RS)

LaTeX Info: Redefining \lsstyle on input line 944.
LaTeX Info: Redefining \lslig on input line 944.
\MT@outer@space=\skip59
)
Package microtype Info: Loading configuration file microtype.cfg.
(c:/MinGW/texlive/2025/texmf-dist/tex/latex/microtype/microtype.cfg
File: microtype.cfg 2025/07/09 v3.2b microtype main configuration file (RS)
)
LaTeX Info: Redefining \microtypesetup on input line 3065.
) (c:/MinGW/texlive/2025/texmf-dist/tex/latex/booktabs/booktabs.sty
Package: booktabs 2020/01/12 v1.61803398 Publication quality tables
\heavyrulewidth=\dimen161
\lightrulewidth=\dimen162
\cmidrulewidth=\dimen163
\belowrulesep=\dimen164
\belowbottomsep=\dimen165
\aboverulesep=\dimen166
\abovetopsep=\dimen167
\cmidrulesep=\dimen168
\cmidrulekern=\dimen169
\defaultaddspace=\dimen170
\@cmidla=\count301
\@cmidlb=\count302
\@aboverulesep=\dimen171
\@belowrulesep=\dimen172
\@thisruleclass=\count303
\@lastruleclass=\count304
\@thisrulewidth=\dimen173
) (c:/MinGW/texlive/2025/texmf-dist/tex/latex/refcount/refcount.sty
Package: refcount 2019/12/15 v3.6 Data extraction from label references (HO)
(c:/MinGW/texlive/2025/texmf-dist/tex/generic/ltxcmds/ltxcmds.sty
Package: ltxcmds 2023-12-04 v1.26 LaTeX kernel commands for general use (HO)
) (c:/MinGW/texlive/2025/texmf-dist/tex/generic/infwarerr/infwarerr.sty
Package: infwarerr 2019/12/03 v1.5 Providing info/warning/error messages (HO)
)) (c:/MinGW/texlive/2025/texmf-dist/tex/latex/totpages/totpages.sty
Package: totpages 2005/09/19 v2.00 Totpages Package (muewi)
(c:/MinGW/texlive/2025/texmf-dist/tex/latex/everyshi/everyshi.sty
Package: everyshi 2020/11/18 v4.00 EveryShipout Package
)) (c:/MinGW/texlive/2025/texmf-dist/tex/latex/environ/environ.sty
Package: environ 2014/05/04 v0.3 A new way to define environments
(c:/MinGW/texlive/2025/texmf-dist/tex/latex/trimspaces/trimspaces.sty
Package: trimspaces 2009/09/17 v1.1 Trim spaces around a token list
))
\@ACM@acmcp@delta=\dimen174
(c:/MinGW/texlive/2025/texmf-dist/tex/latex/natbib/natbib.sty
Package: natbib 2010/09/13 8.31b (PWD, AO)
\bibhang=\skip60
\bibsep=\skip61
LaTeX Info: Redefining \cite on input line 694.
\c@NAT@ctr=\count305
) (c:/MinGW/texlive/2025/texmf-dist/tex/latex/hyperref/hyperref.sty
Package: hyperref 2025-07-12 v7.01o Hypertext links for LaTeX
(c:/MinGW/texlive/2025/texmf-dist/tex/latex/kvsetkeys/kvsetkeys.sty
Package: kvsetkeys 2022-10-05 v1.19 Key value parser (HO)
) (c:/MinGW/texlive/2025/texmf-dist/tex/generic/kvdefinekeys/kvdefinekeys.sty
Package: kvdefinekeys 2019-12-19 v1.6 Define keys (HO)
) (c:/MinGW/texlive/2025/texmf-dist/tex/generic/pdfescape/pdfescape.sty
Package: pdfescape 2019/12/09 v1.15 Implements pdfTeX's escape features (HO)
(c:/MinGW/texlive/2025/texmf-dist/tex/generic/pdftexcmds/pdftexcmds.sty
Package: pdftexcmds 2020-06-27 v0.33 Utility functions of pdfTeX for LuaTeX (HO
)
Package pdftexcmds Info: \pdf@primitive is available.
Package pdftexcmds Info: \pdf@ifprimitive is available.
Package pdftexcmds Info: \pdfdraftmode found.
)) (c:/MinGW/texlive/2025/texmf-dist/tex/latex/hycolor/hycolor.sty
Package: hycolor 2020-01-27 v1.10 Color options for hyperref/bookmark (HO)
) (c:/MinGW/texlive/2025/texmf-dist/tex/latex/hyperref/nameref.sty
Package: nameref 2025-06-21 v2.57 Cross-referencing by name of section

(c:/MinGW/texlive/2025/texmf-dist/tex/generic/gettitlestring/gettitlestring.sty
Package: gettitlestring 2019/12/15 v1.6 Cleanup title references (HO)
(c:/MinGW/texlive/2025/texmf-dist/tex/latex/kvoptions/kvoptions.sty
Package: kvoptions 2022-06-15 v3.15 Key value format for package options (HO)
))
\c@section@level=\count306
) (c:/MinGW/texlive/2025/texmf-dist/tex/generic/stringenc/stringenc.sty
Package: stringenc 2019/11/29 v1.12 Convert strings between diff. encodings (HO
)
)
\@linkdim=\dimen175
\Hy@linkcounter=\count307
\Hy@pagecounter=\count308
(c:/MinGW/texlive/2025/texmf-dist/tex/latex/hyperref/pd1enc.def
File: pd1enc.def 2025-07-12 v7.01o Hyperref: PDFDocEncoding definition (HO)
Now handling font encoding PD1 ...
... no UTF-8 mapping file for font encoding PD1
) (c:/MinGW/texlive/2025/texmf-dist/tex/generic/intcalc/intcalc.sty
Package: intcalc 2019/12/15 v1.3 Expandable calculations with integers (HO)
)
\Hy@SavedSpaceFactor=\count309
(c:/MinGW/texlive/2025/texmf-dist/tex/latex/hyperref/puenc.def
File: puenc.def 2025-07-12 v7.01o Hyperref: PDF Unicode definition (HO)
Now handling font encoding PU ...
... no UTF-8 mapping file for font encoding PU
)
Package hyperref Info: Option `bookmarksnumbered' set `true' on input line 4066
.
Package hyperref Info: Option `unicode' set `true' on input line 4066.
Package hyperref Info: Hyper figures OFF on input line 4195.
Package hyperref Info: Link nesting OFF on input line 4200.
Package hyperref Info: Hyper index ON on input line 4203.
Package hyperref Info: Plain pages OFF on input line 4210.
Package hyperref Info: Backreferencing OFF on input line 4215.
Package hyperref Info: Implicit mode ON; LaTeX internals redefined.
Package hyperref Info: Bookmarks ON on input line 4462.
\c@Hy@tempcnt=\count310
(c:/MinGW/texlive/2025/texmf-dist/tex/latex/url/url.sty
\Urlmuskip=\muskip18
Package: url 2013/09/16  ver 3.4  Verb mode for urls, etc.
)
LaTeX Info: Redefining \url on input line 4801.
\XeTeXLinkMargin=\dimen176
(c:/MinGW/texlive/2025/texmf-dist/tex/generic/bitset/bitset.sty
Package: bitset 2019/12/09 v1.3 Handle bit-vector datatype (HO)
(c:/MinGW/texlive/2025/texmf-dist/tex/generic/bigintcalc/bigintcalc.sty
Package: bigintcalc 2019/12/15 v1.5 Expandable calculations on big integers (HO
)
))
\Fld@menulength=\count311
\Field@Width=\dimen177
\Fld@charsize=\dimen178
Package hyperref Info: Hyper figures OFF on input line 6078.
Package hyperref Info: Link nesting OFF on input line 6083.
Package hyperref Info: Hyper index ON on input line 6086.
Package hyperref Info: backreferencing OFF on input line 6093.
Package hyperref Info: Link coloring OFF on input line 6098.
Package hyperref Info: Link coloring with OCG OFF on input line 6103.
Package hyperref Info: PDF/A mode OFF on input line 6108.
\Hy@abspage=\count312
\c@Item=\count313
\c@Hfootnote=\count314
)
Package hyperref Info: Driver (autodetected): hpdftex.
(c:/MinGW/texlive/2025/texmf-dist/tex/latex/hyperref/hpdftex.def
File: hpdftex.def 2025-07-12 v7.01o Hyperref driver for pdfTeX
\Fld@listcount=\count315
\c@bookmark@seq@number=\count316
(c:/MinGW/texlive/2025/texmf-dist/tex/latex/rerunfilecheck/rerunfilecheck.sty
Package: rerunfilecheck 2025-06-21 v1.11 Rerun checks for auxiliary files (HO)
(c:/MinGW/texlive/2025/texmf-dist/tex/generic/uniquecounter/uniquecounter.sty
Package: uniquecounter 2019/12/15 v1.4 Provide unlimited unique counter (HO)
)
Package uniquecounter Info: New unique counter `rerunfilecheck' on input line 2
84.
)
\Hy@SectionHShift=\skip62
) (c:/MinGW/texlive/2025/texmf-dist/tex/latex/hyperxmp/hyperxmp.sty
Package: hyperxmp 2024/03/17 v5.13 Store hyperref metadata in XMP format
\hyxmp@aep@toks=\toks32
(c:/MinGW/texlive/2025/texmf-dist/tex/latex/ifmtarg/ifmtarg.sty
Package: ifmtarg 2018/04/16 v1.2b check for an empty argument
) (c:/MinGW/texlive/2025/texmf-dist/tex/latex/base/ifthen.sty
Package: ifthen 2024/03/16 v1.1e Standard LaTeX ifthen package (DPC)
)
\@hyxmp@count=\count317
(c:/MinGW/texlive/2025/texmf-dist/tex/latex/oberdiek/ifdraft.sty
Package: ifdraft 2016/05/16 v1.4 Detect class options draft and final (HO)
) (c:/MinGW/texlive/2025/texmf-dist/tex/generic/iftex/ifluatex.sty
Package: ifluatex 2019/10/25 v1.5 ifluatex legacy package. Use iftex instead.
)) (c:/MinGW/texlive/2025/texmf-dist/tex/latex/graphics/graphicx.sty
Package: graphicx 2024/12/31 v1.2e Enhanced LaTeX Graphics (DPC,SPQR)
(c:/MinGW/texlive/2025/texmf-dist/tex/latex/graphics/graphics.sty
Package: graphics 2024/08/06 v1.4g Standard LaTeX Graphics (DPC,SPQR)
(c:/MinGW/texlive/2025/texmf-dist/tex/latex/graphics/trig.sty
Package: trig 2023/12/02 v1.11 sin cos tan (DPC)
) (c:/MinGW/texlive/2025/texmf-dist/tex/latex/graphics-cfg/graphics.cfg
File: graphics.cfg 2016/06/04 v1.11 sample graphics configuration
)
Package graphics Info: Driver file: pdftex.def on input line 106.
(c:/MinGW/texlive/2025/texmf-dist/tex/latex/graphics-def/pdftex.def
File: pdftex.def 2025/09/29 v1.2d Graphics/color driver for pdftex
))
\Gin@req@height=\dimen179
\Gin@req@width=\dimen180
) (c:/MinGW/texlive/2025/texmf-dist/tex/latex/xcolor/xcolor.sty
Package: xcolor 2024/09/29 v3.02 LaTeX color extensions (UK)
(c:/MinGW/texlive/2025/texmf-dist/tex/latex/graphics-cfg/color.cfg
File: color.cfg 2016/01/02 v1.6 sample color configuration
)
Package xcolor Info: Driver file: pdftex.def on input line 274.
(c:/MinGW/texlive/2025/texmf-dist/tex/latex/graphics/mathcolor.ltx)
Package xcolor Info: Model `cmy' substituted by `cmy0' on input line 1349.
Package xcolor Info: Model `hsb' substituted by `rgb' on input line 1353.
Package xcolor Info: Model `RGB' extended on input line 1365.
Package xcolor Info: Model `HTML' substituted by `rgb' on input line 1367.
Package xcolor Info: Model `Hsb' substituted by `hsb' on input line 1368.
Package xcolor Info: Model `tHsb' substituted by `hsb' on input line 1369.
Package xcolor Info: Model `HSB' substituted by `hsb' on input line 1370.
Package xcolor Info: Model `Gray' substituted by `gray' on input line 1371.
Package xcolor Info: Model `wave' substituted by `hsb' on input line 1372.
) (c:/MinGW/texlive/2025/texmf-dist/tex/latex/geometry/geometry.sty
Package: geometry 2020/01/02 v5.9 Page Geometry
(c:/MinGW/texlive/2025/texmf-dist/tex/generic/iftex/ifvtex.sty
Package: ifvtex 2019/10/25 v1.7 ifvtex legacy package. Use iftex instead.
)
\Gm@cnth=\count318
\Gm@cntv=\count319
\c@Gm@tempcnt=\count320
\Gm@bindingoffset=\dimen181
\Gm@wd@mp=\dimen182
\Gm@odd@mp=\dimen183
\Gm@even@mp=\dimen184
\Gm@layoutwidth=\dimen185
\Gm@layoutheight=\dimen186
\Gm@layouthoffset=\dimen187
\Gm@layoutvoffset=\dimen188
\Gm@dimlist=\toks33
) (c:/MinGW/texlive/2025/texmf-dist/tex/latex/ncctools/manyfoot.sty
Package: manyfoot 2019/08/03 v1.11 Many Footnote Levels Package (NCC)
(c:/MinGW/texlive/2025/texmf-dist/tex/latex/ncctools/nccfoots.sty
Package: nccfoots 2005/02/03 v1.2 NCC Footnotes Package (NCC)
)
\MFL@columnwidth=\dimen189
)
\footinsauthorsaddresses=\insert251
\c@footnoteauthorsaddresses=\count321
\footinscopyrightpermission=\insert250
\c@footnotecopyrightpermission=\count322
(c:/MinGW/texlive/2025/texmf-dist/tex/generic/pdftex/glyphtounicode.tex) (c:/Mi
nGW/texlive/2025/texmf-dist/tex/latex/cmap/cmap.sty
Package: cmap 2021/02/06 v1.0j CMap support: searchable PDF
) (c:/MinGW/texlive/2025/texmf-dist/tex/latex/base/fontenc.sty
Package: fontenc 2024/12/21 v2.1c Standard LaTeX package
<<t1.cmap>>) (c:/MinGW/texlive/2025/texmf-dist/tex/latex/libertine/libertine.st
y
Package: libertine 2024/04/23 (Bob Tennent) Supports Libertine and Biolinum fon
ts for all LaTeX engines.
(c:/MinGW/texlive/2025/texmf-dist/tex/generic/iftex/ifxetex.sty
Package: ifxetex 2019/10/25 v0.7 ifxetex legacy package. Use iftex instead.
) (c:/MinGW/texlive/2025/texmf-dist/tex/latex/base/textcomp.sty
Package: textcomp 2024/04/24 v2.1b Standard LaTeX package
) (c:/MinGW/texlive/2025/texmf-dist/tex/latex/base/fontenc.sty
Package: fontenc 2024/12/21 v2.1c Standard LaTeX package
) (c:/MinGW/texlive/2025/texmf-dist/tex/latex/fontaxes/fontaxes.sty
Package: fontaxes 2025-05-24 v2.0.1 Font selection axes (deprecated)
(c:/MinGW/texlive/2025/texmf-dist/tex/latex/figureversions/figureversions.sty
Package: figureversions 2025-04-29 v1.0.1 Figure versions
))
LaTeX Info: Redefining \oldstylenums on input line 485.
(c:/MinGW/texlive/2025/texmf-dist/tex/latex/libertine/LinLibertine_I.tex)) (c:/
MinGW/texlive/2025/texmf-dist/tex/latex/inconsolata/zi4.sty
Package: zi4 2019/05/17 v1.12
`inconsolata-zi4' v1.12, 2019/05/17 Text macros for Inconsolata (msharpe)
\zifour@ocount=\count323
) (c:/MinGW/texlive/2025/texmf-dist/tex/latex/newtx/newtxmath.sty
Package: newtxmath 2024/09/22 v1.754

`newtxmath' v1.754, 2024/09/22 Math macros based originally on txfonts (msharpe
) (c:/MinGW/texlive/2025/texmf-dist/tex/latex/oberdiek/centernot.sty
Package: centernot 2016/05/16 v1.4 Centers the not symbol horizontally (HO)
)
\tx@cntz=\count324
(c:/MinGW/texlive/2025/texmf-dist/tex/generic/kastrup/binhex.tex)
\tx@Isdigit=\count325
\tx@IsAlNum=\count326
\tx@tA=\toks34
\tx@tB=\toks35
\tx@su=\read2
amsthm NOT loaded
LaTeX Font Info:    Redeclaring symbol font `operators' on input line 402.
LaTeX Font Info:    Overwriting symbol font `operators' in version `normal'
(Font)                  OT1/cmr/m/n --> OT1/LinuxLibertineT-TLF/m/n on input li
ne 402.
LaTeX Font Info:    Overwriting symbol font `operators' in version `bold'
(Font)                  OT1/cmr/bx/n --> OT1/LinuxLibertineT-TLF/m/n on input l
ine 402.
LaTeX Font Info:    Overwriting symbol font `operators' in version `bold'
(Font)                  OT1/LinuxLibertineT-TLF/m/n --> OT1/LinuxLibertineT-TLF
/sb/n on input line 403.
LaTeX Font Info:    Redeclaring math alphabet \mathsf on input line 410.
LaTeX Font Info:    Overwriting math alphabet `\mathsf' in version `normal'
(Font)                  OT1/cmss/m/n --> OT1/LinuxBiolinumT-TLF/m/n on input li
ne 410.
LaTeX Font Info:    Overwriting math alphabet `\mathsf' in version `bold'
(Font)                  OT1/cmss/bx/n --> OT1/LinuxBiolinumT-TLF/m/n on input l
ine 410.
LaTeX Font Info:    Overwriting math alphabet `\mathsf' in version `bold'
(Font)                  OT1/LinuxBiolinumT-TLF/m/n --> OT1/LinuxBiolinumT-TLF/b
/n on input line 412.
LaTeX Font Info:    Redeclaring math alphabet \mathit on input line 419.
LaTeX Font Info:    Overwriting math alphabet `\mathit' in version `normal'
(Font)                  OT1/cmr/m/it --> OT1/LinuxLibertineT-TLF/m/it on input 
line 419.
LaTeX Font Info:    Overwriting math alphabet `\mathit' in version `bold'
(Font)                  OT1/cmr/bx/it --> OT1/LinuxLibertineT-TLF/m/it on input
 line 419.
LaTeX Font Info:    Redeclaring math alphabet \mathtt on input line 420.
LaTeX Font Info:    Overwriting math alphabet `\mathtt' in version `normal'
(Font)                  OT1/cmtt/m/n --> T1/zi4/m/n on input line 420.
LaTeX Font Info:    Overwriting math alphabet `\mathtt' in version `bold'
(Font)                  OT1/cmtt/m/n --> T1/zi4/m/n on input line 420.
LaTeX Font Info:    Redeclaring math alphabet \mathbf on input line 422.
LaTeX Font Info:    Overwriting math alphabet `\mathbf' in version `normal'
(Font)                  OT1/cmr/bx/n --> OT1/LinuxLibertineT-TLF/sb/n on input 
line 422.
LaTeX Font Info:    Overwriting math alphabet `\mathbf' in version `bold'
(Font)                  OT1/cmr/bx/n --> OT1/LinuxLibertineT-TLF/sb/n on input 
line 422.
LaTeX Font Info:    Overwriting math alphabet `\mathit' in version `bold'
(Font)                  OT1/LinuxLibertineT-TLF/m/it --> OT1/LinuxLibertineT-TL
F/sb/it on input line 423.
LaTeX Font Info:    Overwriting math alphabet `\mathtt' in version `bold'
(Font)                  T1/zi4/m/n --> T1/zi4/b/n on input line 426.
LaTeX Font Info:    Redeclaring symbol font `letters' on input line 444.
LaTeX Font Info:    Overwriting symbol font `letters' in version `normal'
(Font)                  OML/cmm/m/it --> OML/nxlmi/m/it on input line 444.
LaTeX Font Info:    Overwriting symbol font `letters' in version `bold'
(Font)                  OML/cmm/b/it --> OML/nxlmi/m/it on input line 444.
LaTeX Font Info:    Overwriting symbol font `letters' in version `bold'
(Font)                  OML/nxlmi/m/it --> OML/nxlmi/b/it on input line 445.
\symlettersA=\mathgroup6
LaTeX Font Info:    Overwriting symbol font `lettersA' in version `bold'
(Font)                  U/ntxmia/m/it --> U/ntxmia/b/it on input line 582.
LaTeX Font Info:    Redeclaring math alphabet \mathfrak on input line 584.
Now handling font encoding LMS ...
... no UTF-8 mapping file for font encoding LMS
LaTeX Font Info:    Redeclaring symbol font `symbols' on input line 604.
LaTeX Font Info:    Encoding `OMS' has changed to `LMS' for symbol font
(Font)              `symbols' in the math version `normal' on input line 604.
LaTeX Font Info:    Overwriting symbol font `symbols' in version `normal'
(Font)                  OMS/cmsy/m/n --> LMS/ntxsy/m/n on input line 604.
LaTeX Font Info:    Encoding `OMS' has changed to `LMS' for symbol font
(Font)              `symbols' in the math version `bold' on input line 604.
LaTeX Font Info:    Overwriting symbol font `symbols' in version `bold'
(Font)                  OMS/cmsy/b/n --> LMS/ntxsy/m/n on input line 604.
LaTeX Font Info:    Overwriting symbol font `symbols' in version `bold'
(Font)                  LMS/ntxsy/m/n --> LMS/ntxsy/b/n on input line 605.
\symAMSm=\mathgroup7
LaTeX Font Info:    Overwriting symbol font `AMSm' in version `bold'
(Font)                  U/ntxsym/m/n --> U/ntxsym/b/n on input line 630.
\symsymbolsC=\mathgroup8
LaTeX Font Info:    Overwriting symbol font `symbolsC' in version `bold'
(Font)                  U/ntxsyc/m/n --> U/ntxsyc/b/n on input line 651.
Now handling font encoding LMX ...
... no UTF-8 mapping file for font encoding LMX
LaTeX Font Info:    Redeclaring symbol font `largesymbols' on input line 664.
LaTeX Font Info:    Encoding `OMX' has changed to `LMX' for symbol font
(Font)              `largesymbols' in the math version `normal' on input line 6
64.
LaTeX Font Info:    Overwriting symbol font `largesymbols' in version `normal'
(Font)                  OMX/cmex/m/n --> LMX/ntxexx/m/n on input line 664.
LaTeX Font Info:    Encoding `OMX' has changed to `LMX' for symbol font
(Font)              `largesymbols' in the math version `bold' on input line 664
.
LaTeX Font Info:    Overwriting symbol font `largesymbols' in version `bold'
(Font)                  OMX/cmex/m/n --> LMX/ntxexx/m/n on input line 664.
LaTeX Font Info:    Overwriting symbol font `largesymbols' in version `bold'
(Font)                  LMX/ntxexx/m/n --> LMX/ntxexx/b/n on input line 665.
\symlargesymbolsTXA=\mathgroup9
LaTeX Font Info:    Overwriting symbol font `largesymbolsTXA' in version `bold'

(Font)                  U/ntxexa/m/n --> U/ntxexa/b/n on input line 679.
\tx@sbptoks=\toks36
LaTeX Font Info:    Redeclaring math delimiter \lfloor on input line 902.
LaTeX Font Info:    Redeclaring math delimiter \rfloor on input line 903.
LaTeX Font Info:    Redeclaring math delimiter \lceil on input line 904.
LaTeX Font Info:    Redeclaring math delimiter \rceil on input line 905.
LaTeX Font Info:    Redeclaring math delimiter \lbrace on input line 910.
LaTeX Font Info:    Redeclaring math delimiter \rbrace on input line 911.
LaTeX Font Info:    Redeclaring math delimiter \langle on input line 913.
LaTeX Font Info:    Redeclaring math delimiter \rangle on input line 915.
LaTeX Font Info:    Redeclaring math delimiter \arrowvert on input line 919.
LaTeX Font Info:    Redeclaring math delimiter \vert on input line 920.
LaTeX Font Info:    Redeclaring math accent \dot on input line 991.
LaTeX Font Info:    Redeclaring math accent \ddot on input line 992.
LaTeX Font Info:    Redeclaring math accent \vec on input line 2057.
LaTeX Info: Redefining \Bbbk on input line 2847.
LaTeX Info: Redefining \not on input line 2995.
LaTeX Info: Redefining \textsquare on input line 3025.
LaTeX Info: Redefining \openbox on input line 3027.
) (c:/MinGW/texlive/2025/texmf-dist/tex/latex/caption/caption.sty
Package: caption 2023/08/05 v3.6o Customizing captions (AR)
(c:/MinGW/texlive/2025/texmf-dist/tex/latex/caption/caption3.sty
Package: caption3 2023/07/31 v2.4d caption3 kernel (AR)
\caption@tempdima=\dimen190
\captionmargin=\dimen191
\caption@leftmargin=\dimen192
\caption@rightmargin=\dimen193
\caption@width=\dimen194
\caption@indent=\dimen195
\caption@parindent=\dimen196
\caption@hangindent=\dimen197
Package caption Info: AMS or SMF document class detected.
(c:/MinGW/texlive/2025/texmf-dist/tex/latex/caption/caption-ams-smf.sto
File: caption-ams-smf.sto 2020/08/22 v2.0 Adaption of the caption package to th
e AMS and SMF document classes (AR)
))
\c@caption@flags=\count327
\c@continuedfloat=\count328
Package caption Info: hyperref package is loaded.
) (c:/MinGW/texlive/2025/texmf-dist/tex/latex/float/float.sty
Package: float 2001/11/08 v1.3d Float enhancements (AL)
\c@float@type=\count329
\float@exts=\toks37
\float@box=\box57
\@float@everytoks=\toks38
\@floatcapt=\box58
)
\@float@every@sidebar=\toks39
\c@sidebar=\count330
\fulltextwidth=\dimen198
\@ACM@labelwidth=\dimen199
\listisep=\skip63
\num@authorgroups=\count331
\num@authors=\count332
\@ACM@badge@width=\skip64
\@ACM@title@width=\skip65
\@ACM@badge@skip=\skip66
Class acmart Info: Printing CCS on input line 1848.
Class acmart Info: Printing bibformat on input line 1848.
Class acmart Info: Suppressing folios on input line 1855.
Class acmart Info: Setting authorsperrow to 0 on input line 1858.
(c:/MinGW/texlive/2025/texmf-dist/tex/latex/comment/comment.sty
\CommentStream=\write3
Excluding comment 'comment') Excluding comment 'CCSXML'
\c@@concepts=\count333
\mktitle@bx=\box59
\@ACM@acmcpbox=\box60
\@ACM@commabox=\box61
\author@bx=\box62
\author@bx@wd=\dimen256
\author@bx@sep=\skip67
(c:/MinGW/texlive/2025/texmf-dist/tex/latex/fancyhdr/fancyhdr.sty
Package: fancyhdr 2025/02/07 v5.2 Extensive control of page headers and footers

\f@nch@headwidth=\skip68
\f@nch@offset@elh=\skip69
\f@nch@offset@erh=\skip70
\f@nch@offset@olh=\skip71
\f@nch@offset@orh=\skip72
\f@nch@offset@elf=\skip73
\f@nch@offset@erf=\skip74
\f@nch@offset@olf=\skip75
\f@nch@offset@orf=\skip76
\f@nch@height=\skip77
\f@nch@footalignment=\skip78
\f@nch@widthL=\skip79
\f@nch@widthC=\skip80
\f@nch@widthR=\skip81
\@temptokenb=\toks40
) Special comment 'acks'
LaTeX Font Info:    Trying to load font information for T1+LinuxLibertineT-TLF 
on input line 3652.
(c:/MinGW/texlive/2025/texmf-dist/tex/latex/libertine/T1LinuxLibertineT-TLF.fd
File: T1LinuxLibertineT-TLF.fd 2017/03/20 (autoinst) Font definitions for T1/Li
nuxLibertineT-TLF.
)
LaTeX Font Info:    Font shape `T1/LinuxLibertineT-TLF/m/n' will be
(Font)              scaled to size 9.0pt on input line 3652.
)

LaTeX Warning: \include should only be used after \begin{document} on input lin
e 19.

(./src/core/paperSettings.tex (c:/MinGW/texlive/2025/texmf-dist/tex/latex/l3pac
kages/xparse/xparse.sty (c:/MinGW/texlive/2025/texmf-dist/tex/latex/l3kernel/ex
pl3.sty
Package: expl3 2025-09-02 L3 programming layer (loader) 
(c:/MinGW/texlive/2025/texmf-dist/tex/latex/l3backend/l3backend-pdftex.def
File: l3backend-pdftex.def 2025-06-09 L3 backend support: PDF output (pdfTeX)
\l__color_backend_stack_int=\count334
))
Package: xparse 2024-08-16 L3 Experimental document command parser
) (c:/MinGW/texlive/2025/texmf-dist/tex/latex/base/fontenc.sty
Package: fontenc 2024/12/21 v2.1c Standard LaTeX package
) (c:/MinGW/texlive/2025/texmf-dist/tex/latex/base/inputenc.sty
Package: inputenc 2024/02/08 v1.3d Input encoding file
\inpenc@prehook=\toks41
\inpenc@posthook=\toks42
) (c:/MinGW/texlive/2025/texmf-dist/tex/latex/carlisle/scalefnt.sty) (c:/MinGW/
texlive/2025/texmf-dist/tex/latex/tools/array.sty
Package: array 2025/06/08 v2.6j Tabular extension package (FMi)
\col@sep=\dimen257
\ar@mcellbox=\box63
\extrarowheight=\dimen258
\NC@list=\toks43
\extratabsurround=\skip82
\backup@length=\skip83
\ar@cellbox=\box64
) (c:/MinGW/texlive/2025/texmf-dist/tex/latex/tools/multicol.sty
Package: multicol 2025/05/25 v2.0a multicolumn formatting (FMi)
\c@tracingmulticols=\count335
\mult@box=\box65
\multicol@leftmargin=\dimen259
\c@unbalance=\count336
\c@collectmore=\count337
\doublecol@number=\count338
\multicoltolerance=\count339
\multicolpretolerance=\count340
\full@width=\dimen260
\page@free=\dimen261
\premulticols=\dimen262
\postmulticols=\dimen263
\multicolsep=\skip84
\multicolbaselineskip=\skip85
\partial@page=\box66
\last@line=\box67
\mc@boxedresult=\box68
\maxbalancingoverflow=\dimen264
\mult@rightbox=\box69
\mult@grightbox=\box70
\mult@firstbox=\box71
\mult@gfirstbox=\box72
\@tempa=\box73
\@tempa=\box74
\@tempa=\box75
\@tempa=\box76
\@tempa=\box77
\@tempa=\box78
\@tempa=\box79
\@tempa=\box80
\@tempa=\box81
\@tempa=\box82
\@tempa=\box83
\@tempa=\box84
\@tempa=\box85
\@tempa=\box86
\@tempa=\box87
\@tempa=\box88
\@tempa=\box89
\@tempa=\box90
\@tempa=\box91
\@tempa=\box92
\@tempa=\box93
\@tempa=\box94
\@tempa=\box95
\@tempa=\box96
\@tempa=\box97
\@tempa=\box98
\@tempa=\box99
\@tempa=\box100
\@tempa=\box101
\@tempa=\box102
\@tempa=\box103
\@tempa=\box104
\@tempa=\box105
\@tempa=\box106
\@tempa=\box107
\@tempa=\box108
\c@minrows=\count341
\c@columnbadness=\count342
\c@finalcolumnbadness=\count343
\last@try=\dimen265
\multicolovershoot=\dimen266
\multicolundershoot=\dimen267
\mult@nat@firstbox=\box109
\colbreak@box=\box110
\mc@col@check@num=\count344
\g__mc_curr_col_int=\count345
) (c:/MinGW/texlive/2025/texmf-dist/tex/latex/titlesec/titletoc.sty
Package: titletoc 2025/01/04 v2.17 TOC entries
\ttl@leftsep=\dimen268
) (c:/MinGW/texlive/2025/texmf-dist/tex/latex/titlesec/titlesec.sty
Package: titlesec 2025/01/04 v2.17 Sectioning titles
\ttl@box=\box111
\beforetitleunit=\skip86
\aftertitleunit=\skip87
\ttl@plus=\dimen269
\ttl@minus=\dimen270
\ttl@toksa=\toks44
\titlewidth=\dimen271
\titlewidthlast=\dimen272
\titlewidthfirst=\dimen273
) (c:/MinGW/texlive/2025/texmf-dist/tex/latex/enumitem/enumitem.sty
Package: enumitem 2025/02/06 v3.11 Customized lists
\enitkv@toks@=\toks45
\labelindent=\skip88
\enit@outerparindent=\dimen274
\enit@toks=\toks46
\enit@inbox=\box112
\enit@count@id=\count346
\enitdp@description=\count347
) (c:/MinGW/texlive/2025/texmf-dist/tex/latex/caption/subcaption.sty
Package: subcaption 2023/07/28 v1.6b Sub-captions (AR)
Package caption Info: New subtype `subfigure' on input line 238.
\c@subfigure=\count348
Package caption Info: New subtype `subtable' on input line 238.
\c@subtable=\count349
) (c:/MinGW/texlive/2025/texmf-dist/tex/latex/tcolorbox/tcolorbox.sty
Package: tcolorbox 2025/09/09 version 6.8.0 text color boxes
(c:/MinGW/texlive/2025/texmf-dist/tex/latex/pgf/frontendlayer/tikz.sty (c:/MinG
W/texlive/2025/texmf-dist/tex/latex/pgf/basiclayer/pgf.sty (c:/MinGW/texlive/20
25/texmf-dist/tex/latex/pgf/utilities/pgfrcs.sty (c:/MinGW/texlive/2025/texmf-d
ist/tex/generic/pgf/utilities/pgfutil-common.tex
\pgfutil@everybye=\toks47
\pgfutil@tempdima=\dimen275
\pgfutil@tempdimb=\dimen276
) (c:/MinGW/texlive/2025/texmf-dist/tex/generic/pgf/utilities/pgfutil-latex.def
\pgfutil@abb=\box113
) (c:/MinGW/texlive/2025/texmf-dist/tex/generic/pgf/utilities/pgfrcs.code.tex (
c:/MinGW/texlive/2025/texmf-dist/tex/generic/pgf/pgf.revision.tex)
Package: pgfrcs 2025-08-29 v3.1.11a (3.1.11a)
))
Package: pgf 2025-08-29 v3.1.11a (3.1.11a)
(c:/MinGW/texlive/2025/texmf-dist/tex/latex/pgf/basiclayer/pgfcore.sty (c:/MinG
W/texlive/2025/texmf-dist/tex/latex/pgf/systemlayer/pgfsys.sty (c:/MinGW/texliv
e/2025/texmf-dist/tex/generic/pgf/systemlayer/pgfsys.code.tex
Package: pgfsys 2025-08-29 v3.1.11a (3.1.11a)
(c:/MinGW/texlive/2025/texmf-dist/tex/generic/pgf/utilities/pgfkeys.code.tex
\pgfkeys@pathtoks=\toks48
\pgfkeys@temptoks=\toks49

(c:/MinGW/texlive/2025/texmf-dist/tex/generic/pgf/utilities/pgfkeyslibraryfilte
red.code.tex
\pgfkeys@tmptoks=\toks50
))
\pgf@x=\dimen277
\pgf@y=\dimen278
\pgf@xa=\dimen279
\pgf@ya=\dimen280
\pgf@xb=\dimen281
\pgf@yb=\dimen282
\pgf@xc=\dimen283
\pgf@yc=\dimen284
\pgf@xd=\dimen285
\pgf@yd=\dimen286
\w@pgf@writea=\write4
\r@pgf@reada=\read3
\c@pgf@counta=\count350
\c@pgf@countb=\count351
\c@pgf@countc=\count352
\c@pgf@countd=\count353
\t@pgf@toka=\toks51
\t@pgf@tokb=\toks52
\t@pgf@tokc=\toks53
\pgf@sys@id@count=\count354
(c:/MinGW/texlive/2025/texmf-dist/tex/generic/pgf/systemlayer/pgf.cfg
File: pgf.cfg 2025-08-29 v3.1.11a (3.1.11a)
)
Driver file for pgf: pgfsys-pdftex.def

(c:/MinGW/texlive/2025/texmf-dist/tex/generic/pgf/systemlayer/pgfsys-pdftex.def
File: pgfsys-pdftex.def 2025-08-29 v3.1.11a (3.1.11a)

(c:/MinGW/texlive/2025/texmf-dist/tex/generic/pgf/systemlayer/pgfsys-common-pdf
.def
File: pgfsys-common-pdf.def 2025-08-29 v3.1.11a (3.1.11a)
)))
(c:/MinGW/texlive/2025/texmf-dist/tex/generic/pgf/systemlayer/pgfsyssoftpath.co
de.tex
File: pgfsyssoftpath.code.tex 2025-08-29 v3.1.11a (3.1.11a)
\pgfsyssoftpath@smallbuffer@items=\count355
\pgfsyssoftpath@bigbuffer@items=\count356
)
(c:/MinGW/texlive/2025/texmf-dist/tex/generic/pgf/systemlayer/pgfsysprotocol.co
de.tex
File: pgfsysprotocol.code.tex 2025-08-29 v3.1.11a (3.1.11a)
)) (c:/MinGW/texlive/2025/texmf-dist/tex/generic/pgf/basiclayer/pgfcore.code.te
x
Package: pgfcore 2025-08-29 v3.1.11a (3.1.11a)
(c:/MinGW/texlive/2025/texmf-dist/tex/generic/pgf/math/pgfmath.code.tex (c:/Min
GW/texlive/2025/texmf-dist/tex/generic/pgf/math/pgfmathutil.code.tex) (c:/MinGW
/texlive/2025/texmf-dist/tex/generic/pgf/math/pgfmathparser.code.tex
\pgfmath@dimen=\dimen287
\pgfmath@count=\count357
\pgfmath@box=\box114
\pgfmath@toks=\toks54
\pgfmath@stack@operand=\toks55
\pgfmath@stack@operation=\toks56
)
(c:/MinGW/texlive/2025/texmf-dist/tex/generic/pgf/math/pgfmathfunctions.code.te
x)
(c:/MinGW/texlive/2025/texmf-dist/tex/generic/pgf/math/pgfmathfunctions.basic.c
ode.tex)
(c:/MinGW/texlive/2025/texmf-dist/tex/generic/pgf/math/pgfmathfunctions.trigono
metric.code.tex)
(c:/MinGW/texlive/2025/texmf-dist/tex/generic/pgf/math/pgfmathfunctions.random.
code.tex)
(c:/MinGW/texlive/2025/texmf-dist/tex/generic/pgf/math/pgfmathfunctions.compari
son.code.tex)
(c:/MinGW/texlive/2025/texmf-dist/tex/generic/pgf/math/pgfmathfunctions.base.co
de.tex)
(c:/MinGW/texlive/2025/texmf-dist/tex/generic/pgf/math/pgfmathfunctions.round.c
ode.tex)
(c:/MinGW/texlive/2025/texmf-dist/tex/generic/pgf/math/pgfmathfunctions.misc.co
de.tex)
(c:/MinGW/texlive/2025/texmf-dist/tex/generic/pgf/math/pgfmathfunctions.integer
arithmetics.code.tex) (c:/MinGW/texlive/2025/texmf-dist/tex/generic/pgf/math/pg
fmathcalc.code.tex) (c:/MinGW/texlive/2025/texmf-dist/tex/generic/pgf/math/pgfm
athfloat.code.tex
\c@pgfmathroundto@lastzeros=\count358
)) (c:/MinGW/texlive/2025/texmf-dist/tex/generic/pgf/math/pgfint.code.tex)
(c:/MinGW/texlive/2025/texmf-dist/tex/generic/pgf/basiclayer/pgfcorepoints.code
.tex
File: pgfcorepoints.code.tex 2025-08-29 v3.1.11a (3.1.11a)
\pgf@picminx=\dimen288
\pgf@picmaxx=\dimen289
\pgf@picminy=\dimen290
\pgf@picmaxy=\dimen291
\pgf@pathminx=\dimen292
\pgf@pathmaxx=\dimen293
\pgf@pathminy=\dimen294
\pgf@pathmaxy=\dimen295
\pgf@xx=\dimen296
\pgf@xy=\dimen297
\pgf@yx=\dimen298
\pgf@yy=\dimen299
\pgf@zx=\dimen300
\pgf@zy=\dimen301
)
(c:/MinGW/texlive/2025/texmf-dist/tex/generic/pgf/basiclayer/pgfcorepathconstru
ct.code.tex
File: pgfcorepathconstruct.code.tex 2025-08-29 v3.1.11a (3.1.11a)
\pgf@path@lastx=\dimen302
\pgf@path@lasty=\dimen303
)
(c:/MinGW/texlive/2025/texmf-dist/tex/generic/pgf/basiclayer/pgfcorepathusage.c
ode.tex
File: pgfcorepathusage.code.tex 2025-08-29 v3.1.11a (3.1.11a)
\pgf@shorten@end@additional=\dimen304
\pgf@shorten@start@additional=\dimen305
)
(c:/MinGW/texlive/2025/texmf-dist/tex/generic/pgf/basiclayer/pgfcorescopes.code
.tex
File: pgfcorescopes.code.tex 2025-08-29 v3.1.11a (3.1.11a)
\pgfpic=\box115
\pgf@hbox=\box116
\pgf@layerbox@main=\box117
\pgf@picture@serial@count=\count359
)
(c:/MinGW/texlive/2025/texmf-dist/tex/generic/pgf/basiclayer/pgfcoregraphicstat
e.code.tex
File: pgfcoregraphicstate.code.tex 2025-08-29 v3.1.11a (3.1.11a)
\pgflinewidth=\dimen306
)
(c:/MinGW/texlive/2025/texmf-dist/tex/generic/pgf/basiclayer/pgfcoretransformat
ions.code.tex
File: pgfcoretransformations.code.tex 2025-08-29 v3.1.11a (3.1.11a)
\pgf@pt@x=\dimen307
\pgf@pt@y=\dimen308
\pgf@pt@temp=\dimen309
)
(c:/MinGW/texlive/2025/texmf-dist/tex/generic/pgf/basiclayer/pgfcorequick.code.
tex
File: pgfcorequick.code.tex 2025-08-29 v3.1.11a (3.1.11a)
)
(c:/MinGW/texlive/2025/texmf-dist/tex/generic/pgf/basiclayer/pgfcoreobjects.cod
e.tex
File: pgfcoreobjects.code.tex 2025-08-29 v3.1.11a (3.1.11a)
)
(c:/MinGW/texlive/2025/texmf-dist/tex/generic/pgf/basiclayer/pgfcorepathprocess
ing.code.tex
File: pgfcorepathprocessing.code.tex 2025-08-29 v3.1.11a (3.1.11a)
)
(c:/MinGW/texlive/2025/texmf-dist/tex/generic/pgf/basiclayer/pgfcorearrows.code
.tex
File: pgfcorearrows.code.tex 2025-08-29 v3.1.11a (3.1.11a)
\pgfarrowsep=\dimen310
)
(c:/MinGW/texlive/2025/texmf-dist/tex/generic/pgf/basiclayer/pgfcoreshade.code.
tex
File: pgfcoreshade.code.tex 2025-08-29 v3.1.11a (3.1.11a)
\pgf@max=\dimen311
\pgf@sys@shading@range@num=\count360
\pgf@shadingcount=\count361
)
(c:/MinGW/texlive/2025/texmf-dist/tex/generic/pgf/basiclayer/pgfcoreimage.code.
tex
File: pgfcoreimage.code.tex 2025-08-29 v3.1.11a (3.1.11a)
)
(c:/MinGW/texlive/2025/texmf-dist/tex/generic/pgf/basiclayer/pgfcoreexternal.co
de.tex
File: pgfcoreexternal.code.tex 2025-08-29 v3.1.11a (3.1.11a)
\pgfexternal@startupbox=\box118
)
(c:/MinGW/texlive/2025/texmf-dist/tex/generic/pgf/basiclayer/pgfcorelayers.code
.tex
File: pgfcorelayers.code.tex 2025-08-29 v3.1.11a (3.1.11a)
)
(c:/MinGW/texlive/2025/texmf-dist/tex/generic/pgf/basiclayer/pgfcoretransparenc
y.code.tex
File: pgfcoretransparency.code.tex 2025-08-29 v3.1.11a (3.1.11a)
)
(c:/MinGW/texlive/2025/texmf-dist/tex/generic/pgf/basiclayer/pgfcorepatterns.co
de.tex
File: pgfcorepatterns.code.tex 2025-08-29 v3.1.11a (3.1.11a)
)
(c:/MinGW/texlive/2025/texmf-dist/tex/generic/pgf/basiclayer/pgfcorerdf.code.te
x
File: pgfcorerdf.code.tex 2025-08-29 v3.1.11a (3.1.11a)
)))
(c:/MinGW/texlive/2025/texmf-dist/tex/generic/pgf/modules/pgfmoduleshapes.code.
tex
File: pgfmoduleshapes.code.tex 2025-08-29 v3.1.11a (3.1.11a)
\pgfnodeparttextbox=\box119
)
(c:/MinGW/texlive/2025/texmf-dist/tex/generic/pgf/modules/pgfmoduleplot.code.te
x
File: pgfmoduleplot.code.tex 2025-08-29 v3.1.11a (3.1.11a)
)
(c:/MinGW/texlive/2025/texmf-dist/tex/latex/pgf/compatibility/pgfcomp-version-0
-65.sty
Package: pgfcomp-version-0-65 2025-08-29 v3.1.11a (3.1.11a)
\pgf@nodesepstart=\dimen312
\pgf@nodesepend=\dimen313
)
(c:/MinGW/texlive/2025/texmf-dist/tex/latex/pgf/compatibility/pgfcomp-version-1
-18.sty
Package: pgfcomp-version-1-18 2025-08-29 v3.1.11a (3.1.11a)
)) (c:/MinGW/texlive/2025/texmf-dist/tex/latex/pgf/utilities/pgffor.sty (c:/Min
GW/texlive/2025/texmf-dist/tex/latex/pgf/utilities/pgfkeys.sty (c:/MinGW/texliv
e/2025/texmf-dist/tex/generic/pgf/utilities/pgfkeys.code.tex)) (c:/MinGW/texliv
e/2025/texmf-dist/tex/latex/pgf/math/pgfmath.sty (c:/MinGW/texlive/2025/texmf-d
ist/tex/generic/pgf/math/pgfmath.code.tex)) (c:/MinGW/texlive/2025/texmf-dist/t
ex/generic/pgf/utilities/pgffor.code.tex
Package: pgffor 2025-08-29 v3.1.11a (3.1.11a)
\pgffor@iter=\dimen314
\pgffor@skip=\dimen315
\pgffor@stack=\toks57
\pgffor@toks=\toks58
))
(c:/MinGW/texlive/2025/texmf-dist/tex/generic/pgf/frontendlayer/tikz/tikz.code.
tex
Package: tikz 2025-08-29 v3.1.11a (3.1.11a)

(c:/MinGW/texlive/2025/texmf-dist/tex/generic/pgf/libraries/pgflibraryplothandl
ers.code.tex
File: pgflibraryplothandlers.code.tex 2025-08-29 v3.1.11a (3.1.11a)
\pgf@plot@mark@count=\count362
\pgfplotmarksize=\dimen316
)
\tikz@lastx=\dimen317
\tikz@lasty=\dimen318
\tikz@lastxsaved=\dimen319
\tikz@lastysaved=\dimen320
\tikz@lastmovetox=\dimen321
\tikz@lastmovetoy=\dimen322
\tikzleveldistance=\dimen323
\tikzsiblingdistance=\dimen324
\tikz@figbox=\box120
\tikz@figbox@bg=\box121
\tikz@tempbox=\box122
\tikz@tempbox@bg=\box123
\tikztreelevel=\count363
\tikznumberofchildren=\count364
\tikznumberofcurrentchild=\count365
\tikz@fig@count=\count366

(c:/MinGW/texlive/2025/texmf-dist/tex/generic/pgf/modules/pgfmodulematrix.code.
tex
File: pgfmodulematrix.code.tex 2025-08-29 v3.1.11a (3.1.11a)
\pgfmatrixcurrentrow=\count367
\pgfmatrixcurrentcolumn=\count368
\pgf@matrix@numberofcolumns=\count369
)
\tikz@expandcount=\count370

(c:/MinGW/texlive/2025/texmf-dist/tex/generic/pgf/frontendlayer/tikz/libraries/
tikzlibrarytopaths.code.tex
File: tikzlibrarytopaths.code.tex 2025-08-29 v3.1.11a (3.1.11a)
))) (c:/MinGW/texlive/2025/texmf-dist/tex/latex/tools/verbatim.sty
Package: verbatim 2024-01-22 v1.5x LaTeX2e package for verbatim enhancements
\every@verbatim=\toks59
\verbatim@line=\toks60
\verbatim@in@stream=\read4
)
\tcb@titlebox=\box124
\tcb@upperbox=\box125
\tcb@lowerbox=\box126
\tcb@phantombox=\box127
\c@tcbbreakpart=\count371
\c@tcblayer=\count372
\c@tcolorbox@number=\count373
\l__tcobox_tmpa_box=\box128
\l__tcobox_tmpa_dim=\dimen325
\tcb@temp=\box129
\tcb@temp=\box130
\tcb@temp=\box131
\tcb@temp=\box132
) (c:/MinGW/texlive/2025/texmf-dist/tex/latex/tools/tabularx.sty
Package: tabularx 2023/12/11 v2.12a `tabularx' package (DPC)
\TX@col@width=\dimen326
\TX@old@table=\dimen327
\TX@old@col=\dimen328
\TX@target=\dimen329
\TX@delta=\dimen330
\TX@cols=\count374
\TX@ftn=\toks61
) (c:/MinGW/texlive/2025/texmf-dist/tex/latex/colortbl/colortbl.sty
Package: colortbl 2024/10/29 v1.0k Color table columns (DPC)
\everycr=\toks62
\minrowclearance=\skip89
\rownum=\count375
) (c:/MinGW/texlive/2025/texmf-dist/tex/latex/footmisc/footmisc.sty
Package: footmisc 2025/05/09 v7.0b a miscellany of footnote facilities
\FN@temptoken=\toks63
\footnotemargin=\dimen331
Package footmisc Info: Declaring symbol style bringhurst on input line 549.
Package footmisc Info: Declaring symbol style chicago on input line 557.
Package footmisc Info: Declaring symbol style wiley on input line 566.
Package footmisc Info: Declaring symbol style lamport-robust on input line 577.

Package footmisc Info: Declaring symbol style lamport* on input line 597.
Package footmisc Info: Declaring symbol style lamport*-robust on input line 618
.
)

./src/core/paperSettings.tex:120: LaTeX Error: Option clash for package hyperre
f.

See the LaTeX manual or LaTeX Companion for explanation.
Type  H <return>  for immediate help.
 ...                                              
                                                  
l.120 
      
The package hyperref has already been loaded with options:
  [bookmarksnumbered,unicode]
There has now been an attempt to load it with options
  [ colorlinks=true, linkcolor=blue, citecolor=blue, urlcolor=blue, ]
Adding the global options:
  bookmarksnumbered,unicode, colorlinks=true, linkcolor=blue, citecolor=blue, u
rlcolor=blue, 
to your \documentclass declaration may fix this.
Try typing  <return>  to proceed.

(c:/MinGW/texlive/2025/texmf-dist/tex/latex/preprint/balance.sty
Package: balance 1999/02/23 4.3 (PWD)
\oldvsize=\dimen332
) (c:/MinGW/texlive/2025/texmf-dist/tex/latex/biblatex/biblatex.sty
Package: biblatex 2025/07/10 v3.21 programmable bibliographies (PK/MW)
(c:/MinGW/texlive/2025/texmf-dist/tex/latex/logreq/logreq.sty
Package: logreq 2010/08/04 v1.0 xml request logger
\lrq@indent=\count376
(c:/MinGW/texlive/2025/texmf-dist/tex/latex/logreq/logreq.def
File: logreq.def 2010/08/04 v1.0 logreq spec v1.0
))

c:/MinGW/texlive/2025/texmf-dist/tex/latex/biblatex/biblatex.sty:213: Package b
iblatex Error: Incompatible package 'natbib'.

See the biblatex package documentation for explanation.
Type  H <return>  for immediate help.
 ...                                              
                                                  
l.213 \blx@packageincompatibility
                                 
The 'natbib' package and biblatex are incompatible.

\c@tabx@nest=\count377
\c@listtotal=\count378
\c@listcount=\count379
\c@liststart=\count380
\c@liststop=\count381
\c@citecount=\count382
\c@citetotal=\count383
\c@multicitecount=\count384
\c@multicitetotal=\count385
\c@instcount=\count386
\c@maxnames=\count387
\c@minnames=\count388
\c@maxitems=\count389
\c@minitems=\count390
\c@citecounter=\count391
\c@maxcitecounter=\count392
\c@savedcitecounter=\count393
\c@uniquelist=\count394
\c@uniquename=\count395
\c@refsection=\count396
\c@refsegment=\count397
\c@maxextratitle=\count398
\c@maxextratitleyear=\count399
\c@maxextraname=\count400
\c@maxextradate=\count401
\c@maxextraalpha=\count402
\c@abbrvpenalty=\count403
\c@highnamepenalty=\count404
\c@lownamepenalty=\count405
\c@maxparens=\count406
\c@parenlevel=\count407
\blx@tempcnta=\count408
\blx@tempcntb=\count409
\blx@tempcntc=\count410
\c@blx@maxsection=\count411
\blx@maxsegment@0=\count412
\blx@notetype=\count413
\blx@parenlevel@text=\count414
\blx@parenlevel@foot=\count415
\blx@sectionciteorder@0=\count416
\blx@sectionciteorderinternal@0=\count417
\blx@entrysetcounter=\count418
\blx@biblioinstance=\count419
\labelnumberwidth=\skip90
\labelalphawidth=\skip91
\biblabelsep=\skip92
\bibitemsep=\skip93
\bibnamesep=\skip94
\bibinitsep=\skip95
\bibparsep=\skip96

c:/MinGW/texlive/2025/texmf-dist/tex/latex/biblatex/biblatex.sty:909: LaTeX Err
or: Command \bibhang already defined.
               Or name \end... illegal, see p.192 of the manual.

See the LaTeX manual or LaTeX Companion for explanation.
Type  H <return>  for immediate help.
 ...                                              
                                                  
l.909 \newlength{\bibhang}
                          
Your command was ignored.
Type  I <command> <return>  to replace it with another command,
or  <return>  to continue without it.

\blx@bcfin=\read5
\blx@bcfout=\write5
\blx@langwohyphens=\language90
\c@mincomprange=\count420
\c@maxcomprange=\count421
\c@mincompwidth=\count422
Package biblatex Info: Trying to load biblatex default data model...
Package biblatex Info: ... file 'blx-dm.def' found.
(c:/MinGW/texlive/2025/texmf-dist/tex/latex/biblatex/blx-dm.def
File: blx-dm.def 2025/07/10 v3.21 biblatex datamodel (PK/MW)
)
Package biblatex Info: Trying to load biblatex style data model...
Package biblatex Info: ... file 'apa.dbx' found.
(c:/MinGW/texlive/2025/texmf-dist/tex/latex/biblatex-apa/apa.dbx
File: apa.dbx 2025/08/27 v9.20 APA biblatex style data model
)
Package biblatex Info: Trying to load biblatex custom data model...
Package biblatex Info: ... file 'biblatex-dm.cfg' not found.
\c@afterword=\count423
\c@savedafterword=\count424
\c@annotator=\count425
\c@savedannotator=\count426
\c@author=\count427
\c@savedauthor=\count428
\c@bookauthor=\count429
\c@savedbookauthor=\count430
\c@commentator=\count431
\c@savedcommentator=\count432
\c@editor=\count433
\c@savededitor=\count434
\c@editora=\count435
\c@savededitora=\count436
\c@editorb=\count437
\c@savededitorb=\count438
\c@editorc=\count439
\c@savededitorc=\count440
\c@foreword=\count441
\c@savedforeword=\count442
\c@holder=\count443
\c@savedholder=\count444
\c@introduction=\count445
\c@savedintroduction=\count446
\c@namea=\count447
\c@savednamea=\count448
\c@nameb=\count449
\c@savednameb=\count450
\c@namec=\count451
\c@savednamec=\count452
\c@translator=\count453
\c@savedtranslator=\count454
\c@shortauthor=\count455
\c@savedshortauthor=\count456
\c@shorteditor=\count457
\c@savedshorteditor=\count458
\c@narrator=\count459
\c@savednarrator=\count460
\c@execproducer=\count461
\c@savedexecproducer=\count462
\c@execdirector=\count463
\c@savedexecdirector=\count464
\c@with=\count465
\c@savedwith=\count466
\c@labelname=\count467
\c@savedlabelname=\count468
\c@institution=\count469
\c@savedinstitution=\count470
\c@lista=\count471
\c@savedlista=\count472
\c@listb=\count473
\c@savedlistb=\count474
\c@listc=\count475
\c@savedlistc=\count476
\c@listd=\count477
\c@savedlistd=\count478
\c@liste=\count479
\c@savedliste=\count480
\c@listf=\count481
\c@savedlistf=\count482
\c@location=\count483
\c@savedlocation=\count484
\c@organization=\count485
\c@savedorganization=\count486
\c@origlocation=\count487
\c@savedoriglocation=\count488
\c@origpublisher=\count489
\c@savedorigpublisher=\count490
\c@publisher=\count491
\c@savedpublisher=\count492
\c@language=\count493
\c@savedlanguage=\count494
\c@origlanguage=\count495
\c@savedoriglanguage=\count496
\c@citation=\count497
\c@savedcitation=\count498
\c@pageref=\count499
\c@savedpageref=\count500
\shorthandwidth=\skip97
\shortjournalwidth=\skip98
\shortserieswidth=\skip99
\shorttitlewidth=\skip100
\shortauthorwidth=\skip101
\shorteditorwidth=\skip102
\locallabelnumberwidth=\skip103
\locallabelalphawidth=\skip104
\localshorthandwidth=\skip105
\localshortjournalwidth=\skip106
\localshortserieswidth=\skip107
\localshorttitlewidth=\skip108
\localshortauthorwidth=\skip109
\localshorteditorwidth=\skip110

c:/MinGW/texlive/2025/texmf-dist/tex/latex/biblatex/biblatex.sty:12802: LaTeX E
rror: Command \citename already defined.
               Or name \end... illegal, see p.192 of the manual.

See the LaTeX manual or LaTeX Companion for explanation.
Type  H <return>  for immediate help.
 ...                                              
                                                  
l.12802 ...*{\citename}{\blx@citexpunct{citename}}
                                                  
Your command was ignored.
Type  I <command> <return>  to replace it with another command,
or  <return>  to continue without it.

Package biblatex Info: Trying to load compatibility code...
Package biblatex Info: ... file 'blx-compat.def' found.
(c:/MinGW/texlive/2025/texmf-dist/tex/latex/biblatex/blx-compat.def
File: blx-compat.def 2025/07/10 v3.21 biblatex compatibility (PK/MW)
)
Package biblatex Info: Trying to load generic definitions...
Package biblatex Info: ... file 'biblatex.def' found.
(c:/MinGW/texlive/2025/texmf-dist/tex/latex/biblatex/biblatex.def
File: biblatex.def 2025/07/10 v3.21 biblatex compatibility (PK/MW)
\c@textcitecount=\count501
\c@textcitetotal=\count502
\c@textcitemaxnames=\count503
\c@biburlbigbreakpenalty=\count504
\c@biburlbreakpenalty=\count505
\c@biburlnumpenalty=\count506
\c@biburlucpenalty=\count507
\c@biburllcpenalty=\count508
\biburlbigskip=\muskip19
\biburlnumskip=\muskip20
\biburlucskip=\muskip21
\biburllcskip=\muskip22

c:/MinGW/texlive/2025/texmf-dist/tex/latex/biblatex/biblatex.def:339: LaTeX Err
or: Command \bibfont already defined.
               Or name \end... illegal, see p.192 of the manual.

See the LaTeX manual or LaTeX Companion for explanation.
Type  H <return>  for immediate help.
 ...                                              
                                                  
l.339 ...ommand*{\bibfont}{\normalfont\normalsize}
                                                  
Your command was ignored.
Type  I <command> <return>  to replace it with another command,
or  <return>  to continue without it.

\c@smartand=\count509

Package biblatex Warning: Redefining '\citeauthor'.


Package biblatex Warning: Redefining '\citeyear'.


c:/MinGW/texlive/2025/texmf-dist/tex/latex/biblatex/biblatex.def:2625: LaTeX Er
ror: Command \Citeauthor already defined.
               Or name \end... illegal, see p.192 of the manual.

See the LaTeX manual or LaTeX Companion for explanation.
Type  H <return>  for immediate help.
 ...                                              
                                                  
l.2625 ...e\citeauthor*}{\bibsentence\citeauthor}}
                                                  
Your command was ignored.
Type  I <command> <return>  to replace it with another command,
or  <return>  to continue without it.

)
Package biblatex Info: Trying to load bibliography style 'apa'...
Package biblatex Info: ... file 'apa.bbx' found.
(c:/MinGW/texlive/2025/texmf-dist/tex/latex/biblatex-apa/apa.bbx
File: apa.bbx 2025/08/27 v9.20 APA biblatex references style
Package biblatex Info: Trying to load bibliography style 'standard'...
Package biblatex Info: ... file 'standard.bbx' found.
(c:/MinGW/texlive/2025/texmf-dist/tex/latex/biblatex/bbx/standard.bbx
File: standard.bbx 2025/07/10 v3.21 biblatex bibliography style (PK/MW)
\c@bbx:relatedcount=\count510
\c@bbx:relatedtotal=\count511
)
Package biblatex Info: Delimiter 'nameyeardelim' in context 'bib' already defin
ed, overwriting.
Package biblatex Info: Delimiter 'nameyeardelim' in context 'biblist' already d
efined, overwriting.
Package biblatex Info: Delimiter 'nonameyeardelim' in context 'bib' already def
ined, overwriting.
Package biblatex Info: Delimiter 'nonameyeardelim' in context 'biblist' already
 defined, overwriting.
)
Package biblatex Info: Trying to load citation style 'apa'...
Package biblatex Info: ... file 'apa.cbx' found.
(c:/MinGW/texlive/2025/texmf-dist/tex/latex/biblatex-apa/apa.cbx
File: apa.cbx 2025/08/27 v9.20 APA biblatex citation style
Package biblatex Info: Delimiter 'nameyeardelim' in context '' already defined,
 overwriting.
Package biblatex Info: Delimiter 'andothersdelim' in context '' already defined
, overwriting.
Package biblatex Info: Redefining '\fullcite'.
Package biblatex Info: Redefining '\citeauthor'.
Package biblatex Info: Redefining '\citeyear'.
Package biblatex Info: Redefining '\cite'.
Package biblatex Info: Redefining '\cites'.
Package biblatex Info: Redefining '\parencite'.
Package biblatex Info: Redefining '\parencites'.
Package biblatex Info: Redefining '\footcite'.
Package biblatex Info: Redefining '\footcites'.
Package biblatex Info: Redefining '\footcitetext'.
Package biblatex Info: Redefining '\footcitetexts'.
Package biblatex Info: Redefining '\smartcite'.
Package biblatex Info: Redefining '\smartcites'.
Package biblatex Info: Redefining '\textcite'.
Package biblatex Info: Redefining '\textcites'.
)
Package biblatex Info: Trying to load configuration file...
Package biblatex Info: ... file 'biblatex.cfg' found.
(c:/MinGW/texlive/2025/texmf-dist/tex/latex/biblatex/biblatex.cfg
File: biblatex.cfg 
)
Package biblatex Info: Input encoding 'utf8' detected.
Package biblatex Info: Document encoding is UTF8 ....
Package biblatex Info: ... and expl3
(biblatex)             2025-09-02 L3 programming layer (loader) 
(biblatex)             is new enough (at least 2020/04/06),
(biblatex)             setting 'casechanger=expl3'.
(c:/MinGW/texlive/2025/texmf-dist/tex/latex/biblatex/blx-case-expl3.sty
Package: blx-case-expl3 2025/07/10 v3.21 expl3 case changing code for biblatex
))
Class acmart Info: Suppressing bibformat on input line 132.
Class acmart Info: Printing folios on input line 134.
)

LaTeX Warning: \include should only be used after \begin{document} on input lin
e 20.

(./src/core/standardCommands.tex) (c:/MinGW/texlive/2025/texmf-dist/tex/latex/l
istings/listings.sty
\lst@mode=\count512
\lst@gtempboxa=\box133
\lst@token=\toks64
\lst@length=\count513
\lst@currlwidth=\dimen333
\lst@column=\count514
\lst@pos=\count515
\lst@lostspace=\dimen334
\lst@width=\dimen335
\lst@newlines=\count516
\lst@lineno=\count517
\lst@maxwidth=\dimen336
(c:/MinGW/texlive/2025/texmf-dist/tex/latex/listings/lstpatch.sty
File: lstpatch.sty 2024/09/23 1.10c (Carsten Heinz)
) (c:/MinGW/texlive/2025/texmf-dist/tex/latex/listings/lstmisc.sty
File: lstmisc.sty 2024/09/23 1.10c (Carsten Heinz)
\c@lstnumber=\count518
\lst@skipnumbers=\count519
\lst@framebox=\box134
) (c:/MinGW/texlive/2025/texmf-dist/tex/latex/listings/listings.cfg
File: listings.cfg 2024/09/23 1.10c listings configuration
))
Package: listings 2024/09/23 1.10c (Carsten Heinz)
Package hyperref Info: Option `pdfdisplaydoctitle' set `true' on input line 40.

\c@theorem=\count520
Excluding comment 'screenonly' Include comment 'printonly' Include comment 'ano
nsuppress'
\@quotelevel=\count521
\@quotereset=\count522

LaTeX Warning: Unused global option(s):
    [balance=true].


(D:/OneDrive/School/Universiteit/Informatie Uitwisseling/Visualisatieopdracht/L
atex Verslag/out/Visopdracht_TimVanNaarden.aux)
\openout1 = `Visopdracht_TimVanNaarden.aux'.

LaTeX Font Info:    Checking defaults for OML/nxlmi/m/it on input line 40.
LaTeX Font Info:    Trying to load font information for OML+nxlmi on input line
 40.
(c:/MinGW/texlive/2025/texmf-dist/tex/latex/newtx/omlnxlmi.fd
File: omlnxlmi.fd 2013/11/19 Fontinst v1.933 font definitions for OML/nxlmi.
)
LaTeX Font Info:    ... okay on input line 40.
LaTeX Font Info:    Checking defaults for OMS/cmsy/m/n on input line 40.
LaTeX Font Info:    ... okay on input line 40.
LaTeX Font Info:    Checking defaults for OT1/cmr/m/n on input line 40.
LaTeX Font Info:    ... okay on input line 40.
LaTeX Font Info:    Checking defaults for T1/cmr/m/n on input line 40.
LaTeX Font Info:    ... okay on input line 40.
LaTeX Font Info:    Checking defaults for TS1/cmr/m/n on input line 40.
LaTeX Font Info:    ... okay on input line 40.
LaTeX Font Info:    Checking defaults for OMX/cmex/m/n on input line 40.
LaTeX Font Info:    ... okay on input line 40.
LaTeX Font Info:    Checking defaults for U/ntxexa/m/n on input line 40.
LaTeX Font Info:    Trying to load font information for U+ntxexa on input line 
40.
(c:/MinGW/texlive/2025/texmf-dist/tex/latex/newtx/untxexa.fd
File: untxexa.fd 2012/04/16 Fontinst v1.933 font definitions for U/ntxexa.
)
LaTeX Font Info:    ... okay on input line 40.
LaTeX Font Info:    Checking defaults for PD1/pdf/m/n on input line 40.
LaTeX Font Info:    ... okay on input line 40.
LaTeX Font Info:    Checking defaults for PU/pdf/m/n on input line 40.
LaTeX Font Info:    ... okay on input line 40.
LaTeX Font Info:    Checking defaults for LMS/ntxsy/m/n on input line 40.
LaTeX Font Info:    Trying to load font information for LMS+ntxsy on input line
 40.
(c:/MinGW/texlive/2025/texmf-dist/tex/latex/newtx/lmsntxsy.fd
File: lmsntxsy.fd 2016/07/02 Fontinst v1.933 font definitions for LMS/ntxsy.
)
LaTeX Font Info:    ... okay on input line 40.
LaTeX Font Info:    Checking defaults for LMX/ntxexx/m/n on input line 40.
LaTeX Font Info:    Trying to load font information for LMX+ntxexx on input lin
e 40.
(c:/MinGW/texlive/2025/texmf-dist/tex/latex/newtx/lmxntxexx.fd
File: lmxntxexx.fd 2016/07/03 Fontinst v1.933 font definitions for LMX/ntxexx.
)
LaTeX Font Info:    ... okay on input line 40.
LaTeX Font Info:    Font shape `T1/LinuxLibertineT-TLF/m/n' will be
(Font)              scaled to size 7.0pt on input line 40.
LaTeX Font Info:    Trying to load font information for OT1+LinuxLibertineT-TLF
 on input line 40.

(c:/MinGW/texlive/2025/texmf-dist/tex/latex/libertine/OT1LinuxLibertineT-TLF.fd
File: OT1LinuxLibertineT-TLF.fd 2017/03/20 (autoinst) Font definitions for OT1/
LinuxLibertineT-TLF.
)
LaTeX Font Info:    Font shape `OT1/LinuxLibertineT-TLF/m/n' will be
(Font)              scaled to size 7.3pt on input line 40.
<<ot1.cmap>>
LaTeX Font Info:    Font shape `OT1/LinuxLibertineT-TLF/m/n' will be
(Font)              scaled to size 5.5pt on input line 40.
LaTeX Font Info:    Font shape `OML/nxlmi/m/it' will be
(Font)              scaled to size 7.3pt on input line 40.
<<oml.cmap>>
LaTeX Font Info:    Font shape `OML/nxlmi/m/it' will be
(Font)              scaled to size 5.5pt on input line 40.
LaTeX Font Info:    Font shape `LMS/ntxsy/m/n' will be
(Font)              scaled to size 7.3pt on input line 40.
LaTeX Font Info:    Font shape `LMS/ntxsy/m/n' will be
(Font)              scaled to size 5.5pt on input line 40.
LaTeX Font Info:    Font shape `LMX/ntxexx/m/n' will be
(Font)              scaled to size 7.3pt on input line 40.
LaTeX Font Info:    Font shape `LMX/ntxexx/m/n' will be
(Font)              scaled to size 5.5pt on input line 40.
LaTeX Font Info:    Trying to load font information for U+msa on input line 40.

(c:/MinGW/texlive/2025/texmf-dist/tex/latex/amsfonts/umsa.fd
File: umsa.fd 2013/01/14 v3.01 AMS symbols A
)
LaTeX Font Info:    Trying to load font information for U+msb on input line 40.

(c:/MinGW/texlive/2025/texmf-dist/tex/latex/amsfonts/umsb.fd
File: umsb.fd 2013/01/14 v3.01 AMS symbols B
)
LaTeX Font Info:    Trying to load font information for U+ntxmia on input line 
40.
(c:/MinGW/texlive/2025/texmf-dist/tex/latex/newtx/untxmia.fd
File: untxmia.fd 2024/04/09 Fontinst v1.933 font definitions for U/ntxmia.
)
LaTeX Font Info:    Font shape `U/ntxmia/m/it' will be
(Font)              scaled to size 7.3pt on input line 40.
LaTeX Font Info:    Font shape `U/ntxmia/m/it' will be
(Font)              scaled to size 5.5pt on input line 40.
LaTeX Font Info:    Trying to load font information for U+ntxsym on input line 
40.
(c:/MinGW/texlive/2025/texmf-dist/tex/latex/newtx/untxsym.fd
File: untxsym.fd 2023/08/16 Fontinst v1.933 font definitions for U/ntxsym.
)
LaTeX Font Info:    Font shape `U/ntxsym/m/n' will be
(Font)              scaled to size 7.3pt on input line 40.
LaTeX Font Info:    Font shape `U/ntxsym/m/n' will be
(Font)              scaled to size 5.5pt on input line 40.
LaTeX Font Info:    Trying to load font information for U+ntxsyc on input line 
40.
(c:/MinGW/texlive/2025/texmf-dist/tex/latex/newtx/untxsyc.fd
File: untxsyc.fd 2012/04/12 Fontinst v1.933 font definitions for U/ntxsyc.
)
LaTeX Font Info:    Font shape `U/ntxsyc/m/n' will be
(Font)              scaled to size 7.3pt on input line 40.
LaTeX Font Info:    Font shape `U/ntxsyc/m/n' will be
(Font)              scaled to size 5.5pt on input line 40.
LaTeX Font Info:    Font shape `U/ntxexa/m/n' will be
(Font)              scaled to size 7.3pt on input line 40.
LaTeX Font Info:    Font shape `U/ntxexa/m/n' will be
(Font)              scaled to size 5.5pt on input line 40.
LaTeX Info: Command `\dddot' is already robust on input line 40.
LaTeX Info: Command `\ddddot' is already robust on input line 40.
LaTeX Info: Redefining \microtypecontext on input line 40.
Package microtype Info: Applying patch `item' on input line 40.
Package microtype Info: Applying patch `toc' on input line 40.
Package microtype Info: Applying patch `eqnum' on input line 40.
Package microtype Info: Applying patch `footnote' on input line 40.
Package microtype Info: Applying patch `verbatim' on input line 40.
LaTeX Info: Redefining \microtypesetup on input line 40.
Package microtype Info: Generating PDF output.
Package microtype Info: Character protrusion enabled (level 2).
Package microtype Info: Using default protrusion set `alltext'.
Package microtype Info: Automatic font expansion enabled (level 2),
(microtype)             stretch: 20, shrink: 20, step: 1, non-selected.
Package microtype Info: Using default expansion set `alltext-nott'.
Package microtype Info: Patching command `\showhyphens'.
Package microtype Info: No adjustment of tracking.
Package microtype Info: No adjustment of interword spacing.
Package microtype Info: No adjustment of character kerning.
Package microtype Info: Loading generic protrusion settings for font family
(microtype)             `LinuxLibertineT-TLF' (encoding: T1).
(microtype)             For optimal results, create family-specific settings.
(microtype)             See the microtype manual for details.
Package hyperref Info: Link coloring OFF on input line 40.

(D:/OneDrive/School/Universiteit/Informatie Uitwisseling/Visualisatieopdracht/L
atex Verslag/out/Visopdracht_TimVanNaarden.out)
(D:/OneDrive/School/Universiteit/Informatie Uitwisseling/Visualisatieopdracht/L
atex Verslag/out/Visopdracht_TimVanNaarden.out)
\@outlinefile=\write6
\openout6 = `Visopdracht_TimVanNaarden.out'.

(c:/MinGW/texlive/2025/texmf-dist/tex/context/base/mkii/supp-pdf.mkii
[Loading MPS to PDF converter (version 2006.09.02).]
\scratchcounter=\count523
\scratchdimen=\dimen337
\scratchbox=\box135
\nofMPsegments=\count524
\nofMParguments=\count525
\everyMPshowfont=\toks65
\MPscratchCnt=\count526
\MPscratchDim=\dimen338
\MPnumerator=\count527
\makeMPintoPDFobject=\count528
\everyMPtoPDFconversion=\toks66
) (c:/MinGW/texlive/2025/texmf-dist/tex/latex/epstopdf-pkg/epstopdf-base.sty
Package: epstopdf-base 2020-01-24 v2.11 Base part for package epstopdf
Package epstopdf-base Info: Redefining graphics rule for `.eps' on input line 4
85.
(c:/MinGW/texlive/2025/texmf-dist/tex/latex/latexconfig/epstopdf-sys.cfg
File: epstopdf-sys.cfg 2010/07/13 v1.3 Configuration of (r)epstopdf for TeX Liv
e
))
*geometry* driver: auto-detecting
*geometry* detected driver: pdftex
*geometry* verbose mode - [ preamble ] result:
* driver: pdftex
* paper: a4paper
* layout: <same size as paper>
* layoutoffset:(h,v)=(0.0pt,0.0pt)
* modes: includehead includefoot twoside heightrounded 
* h-part:(L,W,R)=(42.67912pt, 512.14963pt, 42.67912pt)
* v-part:(T,H,B)=(42.67912pt, 759.6886pt, 42.67912pt)
* \paperwidth=597.50787pt
* \paperheight=845.04684pt
* \textwidth=512.14963pt
* \textheight=692.0pt
* \oddsidemargin=-29.59087pt
* \evensidemargin=-29.59087pt
* \topmargin=-29.59087pt
* \headheight=13.0pt
* \headsep=14.0pt
* \topskip=10.0pt
* \footskip=40.0pt
* \marginparwidth=24.0pt
* \marginparsep=11.0pt
* \columnsep=24.0pt
* \skip\footins=7.0pt plus 11.0pt
* \hoffset=0.0pt
* \voffset=0.0pt
* \mag=1000
* \@twocolumnfalse
* \@twosidetrue
* \@mparswitchtrue
* \@reversemarginfalse
* (1in=72.27pt=25.4mm, 1cm=28.453pt)

\c@mv@tabular=\count529
\c@mv@boldtabular=\count530
(c:/MinGW/texlive/2025/texmf-dist/tex/latex/upquote/upquote.sty
Package: upquote 2012/04/19 v1.3 upright-quote and grave-accent glyphs in verba
tim
)
Package caption Info: Begin \AtBeginDocument code.
Package caption Info: float package is loaded.
Package caption Info: listings package is loaded.
Package caption Info: End \AtBeginDocument code.
Package biblatex Info: Trying to load language 'english' -> 'english-apa'...
Package biblatex Info: ... file 'english-apa.lbx' found.
(c:/MinGW/texlive/2025/texmf-dist/tex/latex/biblatex-apa/english-apa.lbx
File: english-apa.lbx 2025/08/27 v9.20 APA biblatex localisation
Package biblatex Info: Trying to load language 'english'...
Package biblatex Info: ... file 'english.lbx' found.
(c:/MinGW/texlive/2025/texmf-dist/tex/latex/biblatex/lbx/english.lbx
File: english.lbx 2025/07/10 v3.21 biblatex localization (PK/MW)
)
Package biblatex Info: Trying to load language 'american' -> 'american-apa'...
Package biblatex Info: ... file 'american-apa.lbx' found.
(c:/MinGW/texlive/2025/texmf-dist/tex/latex/biblatex-apa/american-apa.lbx
File: american-apa.lbx 2025/08/27 v9.20 APA biblatex localisation
Package biblatex Info: Trying to load language 'american'...
Package biblatex Info: ... file 'american.lbx' found.
(c:/MinGW/texlive/2025/texmf-dist/tex/latex/biblatex/lbx/american.lbx
File: american.lbx 2025/07/10 v3.21 biblatex localization (PK/MW)
Package biblatex Info: Trying to load language 'english'...
Package biblatex Info: ... file 'english.lbx' found.
(c:/MinGW/texlive/2025/texmf-dist/tex/latex/biblatex/lbx/english.lbx
File: english.lbx 2025/07/10 v3.21 biblatex localization (PK/MW)
))))
Package biblatex Info: Input encoding 'utf8' detected.
Package biblatex Info: Automatic encoding selection.
(biblatex)             Assuming data encoding 'utf8'.
\openout5 = `Visopdracht_TimVanNaarden.bcf'.

Package biblatex Info: Trying to load bibliographic data...
Package biblatex Info: ... file 'Visopdracht_TimVanNaarden.bbl' found.

(D:/OneDrive/School/Universiteit/Informatie Uitwisseling/Visualisatieopdracht/L
atex Verslag/out/Visopdracht_TimVanNaarden.bbl)
Package biblatex Info: Reference section=0 on input line 40.
Package biblatex Info: Reference segment=0 on input line 40.
\c@lstlisting=\count531
LaTeX Font Info:    Font shape `T1/LinuxLibertineT-TLF/m/n' will be
(Font)              scaled to size 17.28pt on input line 40.
LaTeX Font Info:    Trying to load font information for T1+LinuxBiolinumT-TLF o
n input line 40.
(c:/MinGW/texlive/2025/texmf-dist/tex/latex/libertine/T1LinuxBiolinumT-TLF.fd
File: T1LinuxBiolinumT-TLF.fd 2017/03/20 (autoinst) Font definitions for T1/Lin
uxBiolinumT-TLF.
)
LaTeX Font Info:    Font shape `T1/LinuxBiolinumT-TLF/m/n' will be
(Font)              scaled to size 17.28pt on input line 40.
Package microtype Info: Loading generic protrusion settings for font family
(microtype)             `LinuxBiolinumT-TLF' (encoding: T1).
(microtype)             For optimal results, create family-specific settings.
(microtype)             See the microtype manual for details.
LaTeX Font Info:    Font shape `T1/LinuxBiolinumT-TLF/b/n' will be
(Font)              scaled to size 17.28pt on input line 40.
LaTeX Font Info:    Font shape `T1/LinuxBiolinumT-TLF/b/n' will be
(Font)              scaled to size 9.0pt on input line 40.
LaTeX Font Info:    Font shape `T1/LinuxBiolinumT-TLF/b/n' will be
(Font)              scaled to size 12.0pt on input line 40.
LaTeX Font Info:    Font shape `T1/LinuxBiolinumT-TLF/m/n' will be
(Font)              scaled to size 12.0pt on input line 40.
LaTeX Font Info:    Font shape `T1/LinuxLibertineT-TLF/m/n' will be
(Font)              scaled to size 12.0pt on input line 40.
LaTeX Font Info:    Font shape `T1/LinuxLibertineT-TLF/m/n' will be
(Font)              scaled to size 10.0pt on input line 40.
LaTeX Font Info:    Font shape `OT1/LinuxLibertineT-TLF/m/n' will be
(Font)              scaled to size 10.0pt on input line 40.
Package microtype Info: Loading generic protrusion settings for font family
(microtype)             `LinuxLibertineT-TLF' (encoding: OT1).
(microtype)             For optimal results, create family-specific settings.
(microtype)             See the microtype manual for details.
LaTeX Font Info:    Font shape `OML/nxlmi/m/it' will be
(Font)              scaled to size 10.0pt on input line 40.
LaTeX Font Info:    Font shape `LMS/ntxsy/m/n' will be
(Font)              scaled to size 10.0pt on input line 40.
LaTeX Font Info:    Font shape `LMX/ntxexx/m/n' will be
(Font)              scaled to size 10.0pt on input line 40.
(c:/MinGW/texlive/2025/texmf-dist/tex/latex/microtype/mt-msa.cfg
File: mt-msa.cfg 2006/02/04 v1.1 microtype config. file: AMS symbols (a) (RS)
) (c:/MinGW/texlive/2025/texmf-dist/tex/latex/microtype/mt-msb.cfg
File: mt-msb.cfg 2005/06/01 v1.0 microtype config. file: AMS symbols (b) (RS)
)
LaTeX Font Info:    Font shape `U/ntxmia/m/it' will be
(Font)              scaled to size 10.0pt on input line 40.
LaTeX Font Info:    Font shape `U/ntxsym/m/n' will be
(Font)              scaled to size 10.0pt on input line 40.
LaTeX Font Info:    Font shape `U/ntxsyc/m/n' will be
(Font)              scaled to size 10.0pt on input line 40.
LaTeX Font Info:    Font shape `U/ntxexa/m/n' will be
(Font)              scaled to size 10.0pt on input line 40.

d:/OneDrive/School/Universiteit/Informatie Uitwisseling/Visualisatieopdracht/La
tex Verslag/src/main.tex:40: LaTeX Error: Missing \begin{document}.

See the LaTeX manual or LaTeX Companion for explanation.
Type  H <return>  for immediate help.
 ...                                              
                                                  
l.40 \begin{document}
                     
You're in trouble here.  Try typing  <return>  to proceed.
If that doesn't work, type  X <return>  to quit.

LaTeX Font Info:    Font shape `T1/LinuxLibertineT-TLF/m/sc' will be
(Font)              scaled to size 9.0pt on input line 40.

(D:/OneDrive/School/Universiteit/Informatie Uitwisseling/Visualisatieopdracht/L
atex Verslag/out/Visopdracht_TimVanNaarden.toc
D:/OneDrive/School/Universiteit/Informatie Uitwisseling/Visualisatieopdracht/La
tex Verslag/out/Visopdracht_TimVanNaarden.toc:1: Illegal unit of measure (pt in
serted).
<to be read again> 
                   \relax 
l.1 ...entsline {section}{Contents}{1}{section*.1}
                                                  %
Dimensions can be in units of em, ex, in, pt, pc,
cm, mm, dd, cc, nd, nc, bp, or sp; but yours is a new one!
I'll assume that you meant to say pt, for printer's points.
To recover gracefully from this error, it's best to
delete the erroneous units; e.g., type `2' to delete
two letters. (See Chapter 27 of The TeXbook.)


Class acmart Warning: \vspace should only be used to provide space above/below 
surrounding objects on input line 1.

D:/OneDrive/School/Universiteit/Informatie Uitwisseling/Visualisatieopdracht/La
tex Verslag/out/Visopdracht_TimVanNaarden.toc:2: Illegal unit of measure (pt in
serted).
<to be read again> 
                   \relax 
l.2 ...umberline {1}Gevonden fouten}{2}{section.1}
                                                  %
Dimensions can be in units of em, ex, in, pt, pc,
cm, mm, dd, cc, nd, nc, bp, or sp; but yours is a new one!
I'll assume that you meant to say pt, for printer's points.
To recover gracefully from this error, it's best to
delete the erroneous units; e.g., type `2' to delete
two letters. (See Chapter 27 of The TeXbook.)


Class acmart Warning: \vspace should only be used to provide space above/below 
surrounding objects on input line 2.

D:/OneDrive/School/Universiteit/Informatie Uitwisseling/Visualisatieopdracht/La
tex Verslag/out/Visopdracht_TimVanNaarden.toc:3: Illegal unit of measure (pt in
serted).
<to be read again> 
                   \relax 
l.3 ...erline {2}Gevonden grafieken}{2}{section.2}
                                                  %
Dimensions can be in units of em, ex, in, pt, pc,
cm, mm, dd, cc, nd, nc, bp, or sp; but yours is a new one!
I'll assume that you meant to say pt, for printer's points.
To recover gracefully from this error, it's best to
delete the erroneous units; e.g., type `2' to delete
two letters. (See Chapter 27 of The TeXbook.)


Class acmart Warning: \vspace should only be used to provide space above/below 
surrounding objects on input line 3.


Class acmart Warning: \vspace should only be used to provide space above/below 
surrounding objects on input line 4.


Class acmart Warning: \vspace should only be used to provide space above/below 
surrounding objects on input line 7.


Class acmart Warning: \vspace should only be used to provide space above/below 
surrounding objects on input line 10.

D:/OneDrive/School/Universiteit/Informatie Uitwisseling/Visualisatieopdracht/La
tex Verslag/out/Visopdracht_TimVanNaarden.toc:13: Illegal unit of measure (pt i
nserted).
<to be read again> 
                   \relax 
l.13 ...\numberline {A}GGPLOT Code}{4}{appendix.A}
                                                  %
Dimensions can be in units of em, ex, in, pt, pc,
cm, mm, dd, cc, nd, nc, bp, or sp; but yours is a new one!
I'll assume that you meant to say pt, for printer's points.
To recover gracefully from this error, it's best to
delete the erroneous units; e.g., type `2' to delete
two letters. (See Chapter 27 of The TeXbook.)


Class acmart Warning: \vspace should only be used to provide space above/below 
surrounding objects on input line 13.


Class acmart Warning: \vspace should only be used to provide space above/below 
surrounding objects on input line 14.


Class acmart Warning: \vspace should only be used to provide space above/below 
surrounding objects on input line 15.


Class acmart Warning: \vspace should only be used to provide space above/below 
surrounding objects on input line 16.


Class acmart Warning: \vspace should only be used to provide space above/below 
surrounding objects on input line 17.

)
\tf@toc=\write7
\openout7 = `Visopdracht_TimVanNaarden.toc'.





[1.1{c:/MinGW/texlive/2025/texmf-var/fonts/map/pdftex/updmap/pdftex.map}{c:/Min
GW/texlive/2025/texmf-dist/fonts/enc/dvips/libertine/lbtn_25tcsq.enc}{c:/MinGW/
texlive/2025/texmf-dist/fonts/enc/dvips/libertine/lbtn_76gpa5.enc}


{c:/MinGW/texlive/2025/texmf-dist/fonts/enc/dvips/libertine/lbtn_ncsllp.enc}]
LaTeX Font Info:    Font shape `T1/LinuxLibertineT-TLF/b/n' will be
(Font)              scaled to size 10.0pt on input line 42.

Class acmart Warning: \vspace should only be used to provide space above/below 
surrounding objects on input line 42.

LaTeX Font Info:    Font shape `T1/LinuxLibertineT-TLF/m/n' will be
(Font)              scaled to size 6.75pt on input line 53.

Package caption Warning: The option `hypcap=true' will be ignored for this
(caption)                particular \caption on input line 53.
See the caption package documentation for explanation.

LaTeX Font Info:    Font shape `T1/LinuxLibertineT-TLF/b/n' will be
(Font)              scaled to size 9.0pt on input line 53.

Class acmart Warning: \vspace should only be used to provide space above/below 
surrounding objects on input line 54.


Class acmart Warning: \vspace should only be used to provide space above/below 
surrounding objects on input line 55.

LaTeX Font Info:    Font shape `T1/LinuxBiolinumT-TLF/m/n' will be
(Font)              scaled to size 9.0pt on input line 56.
LaTeX Font Info:    Font shape `T1/LinuxBiolinumT-TLF/m/it' will be
(Font)              scaled to size 9.0pt on input line 56.
<src/grafieken/SteunOekraïne.png, id=84, 444.15938pt x 522.45187pt>
File: src/grafieken/SteunOekraïne.png Graphic file (type png)
<use src/grafieken/SteunOekraïne.png>
Package pdftex.def Info: src/grafieken/SteunOekraïne.png  used on input line 6
3.
(pdftex.def)             Requested size: 230.46576pt x 271.08661pt.
LaTeX Font Info:    Font shape `T1/LinuxLibertineT-TLF/m/n' will be
(Font)              scaled to size 8.0pt on input line 64.
LaTeX Font Info:    Font shape `T1/LinuxLibertineT-TLF/b/n' will be
(Font)              scaled to size 8.0pt on input line 64.
LaTeX Font Info:    Font shape `OT1/LinuxLibertineT-TLF/m/n' will be
(Font)              scaled to size 9.0pt on input line 65.
LaTeX Font Info:    Font shape `OT1/LinuxLibertineT-TLF/m/n' will be
(Font)              scaled to size 6.6pt on input line 65.
LaTeX Font Info:    Font shape `OML/nxlmi/m/it' will be
(Font)              scaled to size 9.0pt on input line 65.
LaTeX Font Info:    Font shape `OML/nxlmi/m/it' will be
(Font)              scaled to size 6.6pt on input line 65.
LaTeX Font Info:    Font shape `LMS/ntxsy/m/n' will be
(Font)              scaled to size 9.0pt on input line 65.
LaTeX Font Info:    Font shape `LMS/ntxsy/m/n' will be
(Font)              scaled to size 6.6pt on input line 65.
LaTeX Font Info:    Font shape `LMX/ntxexx/m/n' will be
(Font)              scaled to size 9.0pt on input line 65.
LaTeX Font Info:    Font shape `LMX/ntxexx/m/n' will be
(Font)              scaled to size 6.6pt on input line 65.
LaTeX Font Info:    Font shape `U/ntxmia/m/it' will be
(Font)              scaled to size 9.0pt on input line 65.
LaTeX Font Info:    Font shape `U/ntxmia/m/it' will be
(Font)              scaled to size 6.6pt on input line 65.
LaTeX Font Info:    Font shape `U/ntxsym/m/n' will be
(Font)              scaled to size 9.0pt on input line 65.
LaTeX Font Info:    Font shape `U/ntxsym/m/n' will be
(Font)              scaled to size 6.6pt on input line 65.
LaTeX Font Info:    Font shape `U/ntxsyc/m/n' will be
(Font)              scaled to size 9.0pt on input line 65.
LaTeX Font Info:    Font shape `U/ntxsyc/m/n' will be
(Font)              scaled to size 6.6pt on input line 65.
LaTeX Font Info:    Font shape `U/ntxexa/m/n' will be
(Font)              scaled to size 9.0pt on input line 65.
LaTeX Font Info:    Font shape `U/ntxexa/m/n' will be
(Font)              scaled to size 6.6pt on input line 65.
<src/grafieken/SteunOekraïneVerbeterd.png, id=86, 722.7pt x 722.7pt>
File: src/grafieken/SteunOekraïneVerbeterd.png Graphic file (type png)
<use src/grafieken/SteunOekraïneVerbeterd.png>
Package pdftex.def Info: src/grafieken/SteunOekraïneVerbeterd.png  used on inp
ut line 69.
(pdftex.def)             Requested size: 230.46576pt x 230.46371pt.

Class acmart Warning: A possible image without description on input line 73.



LaTeX Font Info:    Font shape `T1/LinuxBiolinumT-TLF/m/n' will be
(Font)              scaled to size 7.0pt on input line 93.
[2.2

{c:/MinGW/texlive/2025/texmf-dist/fonts/enc/dvips/libertine/lbtn_nh77jq.enc} <.
/src/grafieken/SteunOekraïne.png> <./src/grafieken/SteunOekraïneVerbeterd.png
>]

Class acmart Warning: \vspace should only be used to provide space above/below 
surrounding objects on input line 94.

<src/grafieken/BBPEuropa1.png, id=100, 597.23125pt x 597.23125pt>
File: src/grafieken/BBPEuropa1.png Graphic file (type png)
<use src/grafieken/BBPEuropa1.png>
Package pdftex.def Info: src/grafieken/BBPEuropa1.png  used on input line 102.
(pdftex.def)             Requested size: 230.46576pt x 230.46785pt.
<src/grafieken/BBPEuropaVerbeterd.png, id=101, 722.7pt x 722.7pt>
File: src/grafieken/BBPEuropaVerbeterd.png Graphic file (type png)
<use src/grafieken/BBPEuropaVerbeterd.png>
Package pdftex.def Info: src/grafieken/BBPEuropaVerbeterd.png  used on input li
ne 108.
(pdftex.def)             Requested size: 230.46576pt x 230.46371pt.

Class acmart Warning: A possible image without description on input line 112.



[3.3 <./src/Grafieken/BBPEuropa1.png> <./src/Grafieken/BBPEuropaVerbeterd.png>]

Class acmart Warning: \vspace should only be used to provide space above/below 
surrounding objects on input line 131.

<src/grafieken/InwonersNederland1.png, id=111, 497.86pt x 497.86pt>
File: src/grafieken/InwonersNederland1.png Graphic file (type png)
<use src/grafieken/InwonersNederland1.png>
Package pdftex.def Info: src/grafieken/InwonersNederland1.png  used on input li
ne 139.
(pdftex.def)             Requested size: 230.46576pt x 230.46935pt.
<src/grafieken/InwonersNederlandVerbeterd.png, id=112, 722.7pt x 722.7pt>
File: src/grafieken/InwonersNederlandVerbeterd.png Graphic file (type png)
<use src/grafieken/InwonersNederlandVerbeterd.png>
Package pdftex.def Info: src/grafieken/InwonersNederlandVerbeterd.png  used on 
input line 145.
(pdftex.def)             Requested size: 230.46576pt x 230.46371pt.

Class acmart Warning: A possible image without description on input line 149.


Class acmart Warning: \vspace should only be used to provide space above/below 
surrounding objects on input line 166.


Class acmart Warning: \vspace should only be used to provide space above/below 
surrounding objects on input line 167.

(c:/MinGW/texlive/2025/texmf-dist/tex/latex/listings/lstlang1.sty
File: lstlang1.sty 2024/09/23 1.10c listings language file
) (c:/MinGW/texlive/2025/texmf-dist/tex/latex/listings/lstlang2.sty
File: lstlang2.sty 2024/09/23 1.10c listings language file
) (c:/MinGW/texlive/2025/texmf-dist/tex/latex/listings/lstlang3.sty
File: lstlang3.sty 2024/09/23 1.10c listings language file
)
LaTeX Font Info:    Trying to load font information for TS1+LinuxLibertineT-TLF
 on input line 170.

(c:/MinGW/texlive/2025/texmf-dist/tex/latex/libertine/TS1LinuxLibertineT-TLF.fd
File: TS1LinuxLibertineT-TLF.fd 2017/03/20 (autoinst) Font definitions for TS1/
LinuxLibertineT-TLF.
)
LaTeX Font Info:    Font shape `TS1/LinuxLibertineT-TLF/b/n' will be
(Font)              scaled to size 9.0pt on input line 170.
Package microtype Info: Loading generic protrusion settings for font family
(microtype)             `LinuxLibertineT-TLF' (encoding: TS1).
(microtype)             For optimal results, create family-specific settings.
(microtype)             See the microtype manual for details.

d:/OneDrive/School/Universiteit/Informatie Uitwisseling/Visualisatieopdracht/La
tex Verslag/src/main.tex:176: LaTeX Error: Invalid UTF-8 byte sequence (�\expan
dafter).

See the LaTeX manual or LaTeX Companion for explanation.
Type  H <return>  for immediate help.
 ...                                              
                                                  
l.176 ...yprus", "Estland", "Letland", "Slovenië"
                                                  , "Hongarije", "Griekenlan...

The document does not appear to be in UTF-8 encoding.
Try adding \UseRawInputEncoding as the first line of the file
or specify an encoding such as \usepackage [latin1]{inputenc}
in the document preamble.
Alternatively, save the file in UTF-8 using your editor or another tool


d:/OneDrive/School/Universiteit/Informatie Uitwisseling/Visualisatieopdracht/La
tex Verslag/src/main.tex:176: LaTeX Error: Invalid UTF-8 byte "AB.

See the LaTeX manual or LaTeX Companion for explanation.
Type  H <return>  for immediate help.
 ...                                              
                                                  
l.176 ...yprus", "Estland", "Letland", "Slovenië"
                                                  , "Hongarije", "Griekenlan...

The document does not appear to be in UTF-8 encoding.
Try adding \UseRawInputEncoding as the first line of the file
or specify an encoding such as \usepackage [latin1]{inputenc}
in the document preamble.
Alternatively, save the file in UTF-8 using your editor or another tool


d:/OneDrive/School/Universiteit/Informatie Uitwisseling/Visualisatieopdracht/La
tex Verslag/src/main.tex:176: LaTeX Error: Invalid UTF-8 byte sequence (�\expan
dafter).

See the LaTeX manual or LaTeX Companion for explanation.
Type  H <return>  for immediate help.
 ...                                              
                                                  
l.176 ...land", "Portugal", "Finland", "Tsjechië"
                                                  , "België", "Polen", "Ned...

The document does not appear to be in UTF-8 encoding.
Try adding \UseRawInputEncoding as the first line of the file
or specify an encoding such as \usepackage [latin1]{inputenc}
in the document preamble.
Alternatively, save the file in UTF-8 using your editor or another tool


d:/OneDrive/School/Universiteit/Informatie Uitwisseling/Visualisatieopdracht/La
tex Verslag/src/main.tex:176: LaTeX Error: Invalid UTF-8 byte "AB.

See the LaTeX manual or LaTeX Companion for explanation.
Type  H <return>  for immediate help.
 ...                                              
                                                  
l.176 ...land", "Portugal", "Finland", "Tsjechië"
                                                  , "België", "Polen", "Ned...

The document does not appear to be in UTF-8 encoding.
Try adding \UseRawInputEncoding as the first line of the file
or specify an encoding such as \usepackage [latin1]{inputenc}
in the document preamble.
Alternatively, save the file in UTF-8 using your editor or another tool


d:/OneDrive/School/Universiteit/Informatie Uitwisseling/Visualisatieopdracht/La
tex Verslag/src/main.tex:176: LaTeX Error: Invalid UTF-8 byte sequence (�\expan
dafter).

See the LaTeX manual or LaTeX Companion for explanation.
Type  H <return>  for immediate help.
 ...                                              
                                                  
l.176 ...tugal", "Finland", "Tsjechië", "België"
                                                  , "Polen", "Nederland", "S...

The document does not appear to be in UTF-8 encoding.
Try adding \UseRawInputEncoding as the first line of the file
or specify an encoding such as \usepackage [latin1]{inputenc}
in the document preamble.
Alternatively, save the file in UTF-8 using your editor or another tool


d:/OneDrive/School/Universiteit/Informatie Uitwisseling/Visualisatieopdracht/La
tex Verslag/src/main.tex:176: LaTeX Error: Invalid UTF-8 byte "AB.

See the LaTeX manual or LaTeX Companion for explanation.
Type  H <return>  for immediate help.
 ...                                              
                                                  
l.176 ...tugal", "Finland", "Tsjechië", "België"
                                                  , "Polen", "Nederland", "S...

The document does not appear to be in UTF-8 encoding.
Try adding \UseRawInputEncoding as the first line of the file
or specify an encoding such as \usepackage [latin1]{inputenc}
in the document preamble.
Alternatively, save the file in UTF-8 using your editor or another tool


d:/OneDrive/School/Universiteit/Informatie Uitwisseling/Visualisatieopdracht/La
tex Verslag/src/main.tex:176: LaTeX Error: Invalid UTF-8 byte sequence (�\expan
dafter).

See the LaTeX manual or LaTeX Companion for explanation.
Type  H <return>  for immediate help.
 ...                                              
                                                  
l.176 ...erland", "Spanje", "Litouwen", "Kroatië"
                                                  , "Luxemburg", "Bulgarije"...

The document does not appear to be in UTF-8 encoding.
Try adding \UseRawInputEncoding as the first line of the file
or specify an encoding such as \usepackage [latin1]{inputenc}
in the document preamble.
Alternatively, save the file in UTF-8 using your editor or another tool


d:/OneDrive/School/Universiteit/Informatie Uitwisseling/Visualisatieopdracht/La
tex Verslag/src/main.tex:176: LaTeX Error: Invalid UTF-8 byte "AB.

See the LaTeX manual or LaTeX Companion for explanation.
Type  H <return>  for immediate help.
 ...                                              
                                                  
l.176 ...erland", "Spanje", "Litouwen", "Kroatië"
                                                  , "Luxemburg", "Bulgarije"...

The document does not appear to be in UTF-8 encoding.
Try adding \UseRawInputEncoding as the first line of the file
or specify an encoding such as \usepackage [latin1]{inputenc}
in the document preamble.
Alternatively, save the file in UTF-8 using your editor or another tool


d:/OneDrive/School/Universiteit/Informatie Uitwisseling/Visualisatieopdracht/La
tex Verslag/src/main.tex:176: LaTeX Error: Invalid UTF-8 byte sequence (�\expan
dafter).

See the LaTeX manual or LaTeX Companion for explanation.
Type  H <return>  for immediate help.
 ...                                              
                                                  
l.176 ...g", "Bulgarije", "Slowakije", "Roemenië"
                                                  , "Denemarken", "Oostenrij...

The document does not appear to be in UTF-8 encoding.
Try adding \UseRawInputEncoding as the first line of the file
or specify an encoding such as \usepackage [latin1]{inputenc}
in the document preamble.
Alternatively, save the file in UTF-8 using your editor or another tool


d:/OneDrive/School/Universiteit/Informatie Uitwisseling/Visualisatieopdracht/La
tex Verslag/src/main.tex:176: LaTeX Error: Invalid UTF-8 byte "AB.

See the LaTeX manual or LaTeX Companion for explanation.
Type  H <return>  for immediate help.
 ...                                              
                                                  
l.176 ...g", "Bulgarije", "Slowakije", "Roemenië"
                                                  , "Denemarken", "Oostenrij...

The document does not appear to be in UTF-8 encoding.
Try adding \UseRawInputEncoding as the first line of the file
or specify an encoding such as \usepackage [latin1]{inputenc}
in the document preamble.
Alternatively, save the file in UTF-8 using your editor or another tool


d:/OneDrive/School/Universiteit/Informatie Uitwisseling/Visualisatieopdracht/La
tex Verslag/src/main.tex:176: LaTeX Error: Invalid UTF-8 byte sequence (�\expan
dafter).

See the LaTeX manual or LaTeX Companion for explanation.
Type  H <return>  for immediate help.
 ...                                              
                                                  
l.176 ...stenrijk", "Ierland", "Zweden", "Italië"
                                                  , "Frankrijk", "Duitsland"),
The document does not appear to be in UTF-8 encoding.
Try adding \UseRawInputEncoding as the first line of the file
or specify an encoding such as \usepackage [latin1]{inputenc}
in the document preamble.
Alternatively, save the file in UTF-8 using your editor or another tool


d:/OneDrive/School/Universiteit/Informatie Uitwisseling/Visualisatieopdracht/La
tex Verslag/src/main.tex:176: LaTeX Error: Invalid UTF-8 byte "AB.

See the LaTeX manual or LaTeX Companion for explanation.
Type  H <return>  for immediate help.
 ...                                              
                                                  
l.176 ...stenrijk", "Ierland", "Zweden", "Italië"
                                                  , "Frankrijk", "Duitsland"),
The document does not appear to be in UTF-8 encoding.
Try adding \UseRawInputEncoding as the first line of the file
or specify an encoding such as \usepackage [latin1]{inputenc}
in the document preamble.
Alternatively, save the file in UTF-8 using your editor or another tool


Overfull \hbox (1323.86905pt too wide) in paragraph at lines 176--177
[][][][][][][][][][][][][][][][][][][][][][][][][][][][][][][][][][][][][][][][
][][][][][][][][][][][][][][][][][][][][][][][][][][][][][][][][][][][][][][][]
[][][][][][][][][][][][][][][][][][][][][][][][][][][][][][][][][][][][][][][][
][][][][][][][][][][][][][][][][][][][][][][][][][] 
 []


Overfull \hbox (276.25839pt too wide) in paragraph at lines 177--178
[][][][][][][][][][][][][][][][][][][][][][][][][][][][][][][][][][][][][][][][
][][][][][][][][][][][][][][][][][][][][][][] 
 []


d:/OneDrive/School/Universiteit/Informatie Uitwisseling/Visualisatieopdracht/La
tex Verslag/src/main.tex:181: LaTeX Error: Invalid UTF-8 byte sequence (�\expan
dafter).

See the LaTeX manual or LaTeX Companion for explanation.
Type  H <return>  for immediate help.
 ...                                              
                                                  
l.181     SteunOekraïne 
                         <- data.frame (
The document does not appear to be in UTF-8 encoding.
Try adding \UseRawInputEncoding as the first line of the file
or specify an encoding such as \usepackage [latin1]{inputenc}
in the document preamble.
Alternatively, save the file in UTF-8 using your editor or another tool


d:/OneDrive/School/Universiteit/Informatie Uitwisseling/Visualisatieopdracht/La
tex Verslag/src/main.tex:181: LaTeX Error: Invalid UTF-8 byte "AF.

See the LaTeX manual or LaTeX Companion for explanation.
Type  H <return>  for immediate help.
 ...                                              
                                                  
l.181     SteunOekraïne 
                         <- data.frame (
The document does not appear to be in UTF-8 encoding.
Try adding \UseRawInputEncoding as the first line of the file
or specify an encoding such as \usepackage [latin1]{inputenc}
in the document preamble.
Alternatively, save the file in UTF-8 using your editor or another tool


Overfull \hbox (81.85641pt too wide) in paragraph at lines 182--183
[][][][][][][][][][][][][][][][][][][][][][][][][][][][][][][][][][][][][][][][
][][][][][][][][][] 
 []



[4.4{c:/MinGW/texlive/2025/texmf-dist/fonts/enc/dvips/libertine/lbtn_7f4ce4.enc
} <./src/Grafieken/InwonersNederland1.png> <./src/Grafieken/InwonersNederlandVe
rbeterd.png>]

Class acmart Warning: \vspace should only be used to provide space above/below 
surrounding objects on input line 187.

LaTeX Font Info:    Font shape `TS1/LinuxLibertineT-TLF/m/n' will be
(Font)              scaled to size 9.0pt on input line 196.

Overfull \hbox (17.05576pt too wide) in paragraph at lines 208--209
[][][][][][][][][][][][][][][][][][][][][][][][][][][][][][][][] 
 []


Class acmart Warning: \vspace should only be used to provide space above/below 
surrounding objects on input line 210.



[5.5{c:/MinGW/texlive/2025/texmf-dist/fonts/enc/dvips/libertine/lbtn_naooyc.enc
}]

Class acmart Warning: \vspace should only be used to provide space above/below 
surrounding objects on input line 228.


d:/OneDrive/School/Universiteit/Informatie Uitwisseling/Visualisatieopdracht/La
tex Verslag/src/main.tex:230: LaTeX Error: Invalid UTF-8 byte sequence (�\expan
dafter).

See the LaTeX manual or LaTeX Companion for explanation.
Type  H <return>  for immediate help.
 ...                                              
                                                  
l.230     {r Steun aan Oekraïne}
                                 
The document does not appear to be in UTF-8 encoding.
Try adding \UseRawInputEncoding as the first line of the file
or specify an encoding such as \usepackage [latin1]{inputenc}
in the document preamble.
Alternatively, save the file in UTF-8 using your editor or another tool


d:/OneDrive/School/Universiteit/Informatie Uitwisseling/Visualisatieopdracht/La
tex Verslag/src/main.tex:230: LaTeX Error: Invalid UTF-8 byte "AF.

See the LaTeX manual or LaTeX Companion for explanation.
Type  H <return>  for immediate help.
 ...                                              
                                                  
l.230     {r Steun aan Oekraïne}
                                 
The document does not appear to be in UTF-8 encoding.
Try adding \UseRawInputEncoding as the first line of the file
or specify an encoding such as \usepackage [latin1]{inputenc}
in the document preamble.
Alternatively, save the file in UTF-8 using your editor or another tool


d:/OneDrive/School/Universiteit/Informatie Uitwisseling/Visualisatieopdracht/La
tex Verslag/src/main.tex:235: LaTeX Error: Invalid UTF-8 byte sequence (�\expan
dafter).

See the LaTeX manual or LaTeX Companion for explanation.
Type  H <return>  for immediate help.
 ...                                              
                                                  
l.235     SteunOekraïne 
                         %>% mutate(Land = fct_reorder(Land, Bedrag), Land =...

The document does not appear to be in UTF-8 encoding.
Try adding \UseRawInputEncoding as the first line of the file
or specify an encoding such as \usepackage [latin1]{inputenc}
in the document preamble.
Alternatively, save the file in UTF-8 using your editor or another tool


d:/OneDrive/School/Universiteit/Informatie Uitwisseling/Visualisatieopdracht/La
tex Verslag/src/main.tex:235: LaTeX Error: Invalid UTF-8 byte "AF.

See the LaTeX manual or LaTeX Companion for explanation.
Type  H <return>  for immediate help.
 ...                                              
                                                  
l.235     SteunOekraïne 
                         %>% mutate(Land = fct_reorder(Land, Bedrag), Land =...

The document does not appear to be in UTF-8 encoding.
Try adding \UseRawInputEncoding as the first line of the file
or specify an encoding such as \usepackage [latin1]{inputenc}
in the document preamble.
Alternatively, save the file in UTF-8 using your editor or another tool


Overfull \hbox (103.45663pt too wide) in paragraph at lines 235--236
[][][][][][][][][][][][][][][][][][][][][][][][][][][][][][][][][][][][][][][][
][][][][][][][] 
 []


d:/OneDrive/School/Universiteit/Informatie Uitwisseling/Visualisatieopdracht/La
tex Verslag/src/main.tex:242: LaTeX Error: Invalid UTF-8 byte sequence (�\expan
dafter).

See the LaTeX manual or LaTeX Companion for explanation.
Type  H <return>  for immediate help.
 ...                                              
                                                  
l.242         title = "Steun aan Oekraïne 
                                           per land in miljarden",
The document does not appear to be in UTF-8 encoding.
Try adding \UseRawInputEncoding as the first line of the file
or specify an encoding such as \usepackage [latin1]{inputenc}
in the document preamble.
Alternatively, save the file in UTF-8 using your editor or another tool


d:/OneDrive/School/Universiteit/Informatie Uitwisseling/Visualisatieopdracht/La
tex Verslag/src/main.tex:242: LaTeX Error: Invalid UTF-8 byte "AF.

See the LaTeX manual or LaTeX Companion for explanation.
Type  H <return>  for immediate help.
 ...                                              
                                                  
l.242         title = "Steun aan Oekraïne 
                                           per land in miljarden",
The document does not appear to be in UTF-8 encoding.
Try adding \UseRawInputEncoding as the first line of the file
or specify an encoding such as \usepackage [latin1]{inputenc}
in the document preamble.
Alternatively, save the file in UTF-8 using your editor or another tool


d:/OneDrive/School/Universiteit/Informatie Uitwisseling/Visualisatieopdracht/La
tex Verslag/src/main.tex:247: LaTeX Error: Invalid UTF-8 byte sequence (�\expan
dafter).

See the LaTeX manual or LaTeX Companion for explanation.
Type  H <return>  for immediate help.
 ...                                              
                                                  
l.247 ...ag/src/Grafieken/SteunOekraïneVerbeterd.
                                                  png", width = 10, height =...

The document does not appear to be in UTF-8 encoding.
Try adding \UseRawInputEncoding as the first line of the file
or specify an encoding such as \usepackage [latin1]{inputenc}
in the document preamble.
Alternatively, save the file in UTF-8 using your editor or another tool


d:/OneDrive/School/Universiteit/Informatie Uitwisseling/Visualisatieopdracht/La
tex Verslag/src/main.tex:247: LaTeX Error: Invalid UTF-8 byte "AF.

See the LaTeX manual or LaTeX Companion for explanation.
Type  H <return>  for immediate help.
 ...                                              
                                                  
l.247 ...ag/src/Grafieken/SteunOekraïneVerbeterd.
                                                  png", width = 10, height =...

The document does not appear to be in UTF-8 encoding.
Try adding \UseRawInputEncoding as the first line of the file
or specify an encoding such as \usepackage [latin1]{inputenc}
in the document preamble.
Alternatively, save the file in UTF-8 using your editor or another tool


Class acmart Warning: Some images may lack descriptions.
(acmart)              ACM is committed to complying with the upcoming US ADA ht
tps://accessiblyapp.com/accessibility-compliance/ada/ and European Accessibilit
y Act (EAA) https://accessiblyapp.com/accessibility-compliance/eaa/ regulations
 by actively working to ensure our publications and application services are ac
cessible to individuals with disabilities, adhering to the WCAG guidelines to p
rovide a seamless experience for all users, and regularly reviewing our accessi
bility practices to maintain compliance with evolving standards. 
(acmart)              To this end, we strongly encourage our authors to provide
 alternative text and captions for images and multimedia content. It is also im
portant to optimize color contrast for the visually impaired. Taking these impo
rtant steps when creating your papers will ensure that the widest possible audi
ence can ingest your work..


d:/OneDrive/School/Universiteit/Informatie Uitwisseling/Visualisatieopdracht/La
tex Verslag/src/main.tex:251: Class acmart Error: An attempt to redefine \basel
inestretch detected. Please do not do this for ACM submissions!.

See the acmart class documentation for explanation.
Type  H <return>  for immediate help.
 ...                                              
                                                  
l.251 \end{document}
                    
This error message was generated by an \errmessage
command, so I can't give any explicit help.
Pretend that you're Hercule Poirot: Examine all clues,
and deduce the truth by order and method.


d:/OneDrive/School/Universiteit/Informatie Uitwisseling/Visualisatieopdracht/La
tex Verslag/src/main.tex:251: Class acmart Error: An attempt to redefine \secti
on detected. Please do not do this for ACM submissions!.

See the acmart class documentation for explanation.
Type  H <return>  for immediate help.
 ...                                              
                                                  
l.251 \end{document}
                    
(That was another \errmessage.)


d:/OneDrive/School/Universiteit/Informatie Uitwisseling/Visualisatieopdracht/La
tex Verslag/src/main.tex:251: Class acmart Error: An attempt to redefine \subse
ction detected. Please do not do this for ACM submissions!.

See the acmart class documentation for explanation.
Type  H <return>  for immediate help.
 ...                                              
                                                  
l.251 \end{document}
                    
(That was another \errmessage.)


d:/OneDrive/School/Universiteit/Informatie Uitwisseling/Visualisatieopdracht/La
tex Verslag/src/main.tex:251: Class acmart Error: An attempt to redefine \subsu
bsection detected. Please do not do this for ACM submissions!.

See the acmart class documentation for explanation.
Type  H <return>  for immediate help.
 ...                                              
                                                  
l.251 \end{document}
                    
(That was another \errmessage.)


d:/OneDrive/School/Universiteit/Informatie Uitwisseling/Visualisatieopdracht/La
tex Verslag/src/main.tex:251: Class acmart Error: An attempt to redefine \parag
raph detected. Please do not do this for ACM submissions!.

See the acmart class documentation for explanation.
Type  H <return>  for immediate help.
 ...                                              
                                                  
l.251 \end{document}
                    
(That was another \errmessage.)


Class acmart Warning: \vspace should only be used to provide space above/below 
surrounding objects on input line 251.



(c:/MinGW/texlive/2025/texmf-dist/tex/generic/stringenc/se-pdfdoc.def
File: se-pdfdoc.def 2019/11/29 v1.12 stringenc: PDFDocEncoding
) (c:/MinGW/texlive/2025/texmf-dist/tex/generic/stringenc/se-utf8.def
File: se-utf8.def 2019/11/29 v1.12 stringenc: UTF-8
) [6.6]
(D:/OneDrive/School/Universiteit/Informatie Uitwisseling/Visualisatieopdracht/L
atex Verslag/out/Visopdracht_TimVanNaarden.aux)
 ***********
LaTeX2e <2025-06-01> patch level 1
L3 programming layer <2025-09-02>
 ***********

LaTeX Warning: There were undefined references.

Package rerunfilecheck Info: File `Visopdracht_TimVanNaarden.out' has not chang
ed.
(rerunfilecheck)             Checksum: 3F1114CF41629373F0A0D1CDFD0A2970;2136.

Package biblatex Warning: Please rerun LaTeX.
(biblatex)                Page breaks have changed.

Package logreq Info: Writing requests to 'Visopdracht_TimVanNaarden.run.xml'.
\openout1 = `Visopdracht_TimVanNaarden.run.xml'.

 ) 
Here is how much of TeX's memory you used:
 44948 strings out of 467748
 833613 string characters out of 5428012
 1800066 words of memory out of 5000000
 72405 multiletter control sequences out of 15000+600000
 790302 words of font info for 296 fonts, out of 8000000 for 9000
 1302 hyphenation exceptions out of 8191
 105i,12n,131p,1278b,5177s stack positions out of 10000i,1000n,20000p,200000b,200000s
<c:/MinGW/texlive/2025/texmf-dist/fonts/type1/public/libertine/LinBiolinumT.p
fb><c:/MinGW/texlive/2025/texmf-dist/fonts/type1/public/libertine/LinBiolinumTB
.pfb><c:/MinGW/texlive/2025/texmf-dist/fonts/type1/public/libertine/LinBiolinum
TI.pfb><c:/MinGW/texlive/2025/texmf-dist/fonts/type1/public/libertine/LinLibert
ineT.pfb><c:/MinGW/texlive/2025/texmf-dist/fonts/type1/public/libertine/LinLibe
rtineTB.pfb>
Output written on "D:/OneDrive/School/Universiteit/Informatie Uitwisseling/Visu
alisatieopdracht/Latex Verslag/out/Visopdracht_TimVanNaarden.pdf" (6 pages, 633
773 bytes).
PDF statistics:
 273 PDF objects out of 1000 (max. 8388607)
 222 compressed objects within 3 object streams
 103 named destinations out of 1000 (max. 500000)
 94355 words of extra memory for PDF output out of 106986 (max. 10000000)

